"날짜","종가","시가","고가","저가","거래량","변동 %"
"1986- 04- 18","242.40","243.00","243.50","241.70","","-0.25%"
"1986- 04- 17","243.00","242.20","243.40","241.90","","0.33%"
"1986- 04- 16","242.20","237.70","242.60","237.70","","1.89%"
"1986- 04- 15","237.70","237.30","238.10","236.60","","0.17%"
"1986- 04- 14","237.30","236.00","237.50","235.40","","0.55%"
"1986- 04- 11","236.00","236.40","237.80","235.10","","-0.17%"
"1986- 04- 10","236.40","233.80","236.50","233.80","","1.11%"
"1986- 04- 09","233.80","233.50","235.60","232.10","","0.13%"
"1986- 04- 08","233.50","228.60","233.70","228.60","","2.14%"
"1986- 04- 07","228.60","228.70","228.80","226.30","","-0.04%"
"1986- 04- 04","228.70","232.50","232.60","228.30","","-1.63%"
"1986- 04- 03","232.50","235.70","236.40","232.10","","-1.36%"
"1986- 04- 02","235.70","235.10","235.70","233.40","","0.26%"
"1986- 04- 01","235.10","238.90","239.10","234.60","","-1.59%"
"1986- 03- 31","238.90","239.00","239.90","238.10","","-0.04%"
"1986- 03- 27","239.00","237.30","240.10","237.30","","0.72%"
"1986- 03- 26","237.30","234.70","237.80","234.70","","1.11%"
"1986- 03- 25","234.70","235.30","235.30","233.60","","-0.25%"
"1986- 03- 24","235.30","233.30","235.30","232.90","","0.86%"
"1986- 03- 21","233.30","236.50","237.30","233.30","","-1.35%"
"1986- 03- 20","236.50","235.60","237.10","235.60","","0.38%"
"1986- 03- 19","235.60","235.80","236.50","235.10","","-0.08%"
"1986- 03- 18","235.80","234.70","236.50","234.10","","0.47%"
"1986- 03- 17","234.70","236.60","236.60","233.70","","-0.80%"
"1986- 03- 14","236.60","233.20","236.60","232.60","","1.46%"
"1986- 03- 13","233.20","232.50","233.90","231.30","","0.30%"
"1986- 03- 12","232.50","231.70","234.70","231.70","","0.35%"
"1986- 03- 11","231.70","226.60","231.80","226.60","","2.25%"
"1986- 03- 10","226.60","225.60","227.00","225.40","","0.44%"
"1986- 03- 07","225.60","225.10","226.30","224.40","","0.22%"
"1986- 03- 06","225.10","224.30","225.50","224.10","","0.36%"
"1986- 03- 05","224.30","224.40","224.40","222.20","","-0.04%"
"1986- 03- 04","224.40","225.40","227.30","223.90","","-0.44%"
"1986- 03- 03","225.40","226.90","226.90","224.40","","-0.66%"
"1986- 02- 28","226.90","226.80","227.90","225.40","","0.04%"
"1986- 02- 27","226.80","224.00","226.90","223.40","","1.25%"
"1986- 02- 26","224.00","223.80","224.60","223.20","","0.09%"
"1986- 02- 25","223.80","224.30","224.40","222.60","","-0.22%"
"1986- 02- 24","224.30","224.60","225.30","223.30","","-0.13%"
"1986- 02- 21","224.60","222.20","224.60","222.20","","1.08%"
"1986- 02- 20","222.20","219.80","222.20","219.20","","1.09%"
"1986- 02- 19","219.80","222.40","223.00","219.70","","-1.17%"
"1986- 02- 18","222.40","219.80","222.40","219.30","","1.18%"
"1986- 02- 14","219.80","217.40","219.80","217.20","","1.10%"
"1986- 02- 13","217.40","216.00","217.40","215.40","","0.65%"
"1986- 02- 12","216.00","215.90","216.30","215.10","","0.05%"
"1986- 02- 11","215.90","216.20","216.70","215.50","","-0.14%"
"1986- 02- 10","216.20","214.60","216.20","214.50","","0.75%"
"1986- 02- 07","214.60","213.50","215.20","211.10","","0.52%"
"1986- 02- 06","213.50","213.00","214.20","212.60","","0.23%"
"1986- 02- 05","213.00","212.80","213.00","211.20","","0.09%"
"1986- 02- 04","212.80","214.00","214.60","210.80","","-0.56%"
"1986- 02- 03","214.00","211.80","214.20","211.60","","1.04%"
"1986- 01- 31","211.80","209.30","212.40","209.20","","1.19%"
"1986- 01- 30","209.30","210.30","211.50","209.20","","-0.48%"
"1986- 01- 29","210.30","209.80","212.40","209.80","","0.24%"
"1986- 01- 28","209.80","207.40","209.80","207.40","","1.16%"
"1986- 01- 27","207.40","206.40","207.70","206.40","","0.48%"
"1986- 01- 24","206.40","204.20","206.40","204.20","","1.08%"
"1986- 01- 23","204.20","203.50","204.40","202.60","","0.34%"
"1986- 01- 22","203.50","205.80","206.00","203.40","","-1.12%"
"1986- 01- 21","205.80","207.50","207.80","205.10","","-0.82%"
"1986- 01- 20","207.50","208.40","208.40","206.60","","-0.43%"
"1986- 01- 17","208.40","209.20","209.40","207.60","","-0.38%"
"1986- 01- 16","209.20","208.30","209.20","207.60","","0.43%"
"1986- 01- 15","208.30","206.60","208.30","206.60","","0.82%"
"1986- 01- 14","206.60","206.70","207.40","206.10","","-0.05%"
"1986- 01- 13","206.70","206.00","206.80","205.50","","0.34%"
"1986- 01- 10","206.00","206.10","207.30","205.50","","-0.05%"
"1986- 01- 09","206.10","208.00","208.00","204.50","","-0.91%"
"1986- 01- 08","208.00","213.80","214.60","207.50","","-2.71%"
"1986- 01- 07","213.80","210.70","213.80","210.70","","1.47%"
"1986- 01- 06","210.70","210.90","211.00","209.90","","-0.09%"
"1986- 01- 03","210.90","209.60","210.90","209.50","","0.62%"
"1986- 01- 02","209.60","211.30","211.30","208.90","","-0.80%"
"1985- 12- 31","211.30","210.70","211.60","210.70","","0.28%"
"1985- 12- 30","210.70","209.60","210.70","209.20","","0.52%"
"1985- 12- 27","209.60","207.70","209.60","207.70","","0.91%"
"1985- 12- 26","207.70","207.10","207.80","207.10","","0.29%"
"1985- 12- 24","207.10","208.60","208.60","206.40","","-0.72%"
"1985- 12- 23","208.60","210.90","210.90","208.40","","-1.09%"
"1985- 12- 20","210.90","210.00","211.80","210.00","","0.43%"
"1985- 12- 19","210.00","209.80","210.10","209.20","","0.10%"
"1985- 12- 18","209.80","210.70","211.20","209.20","","-0.43%"
"1985- 12- 17","210.70","212.00","212.40","210.60","","-0.61%"
"1985- 12- 16","212.00","209.90","213.10","209.90","","1.00%"
"1985- 12- 13","209.90","206.70","210.30","206.70","","1.55%"
"1985- 12- 12","206.70","206.30","207.70","205.80","","0.19%"
"1985- 12- 11","206.30","204.40","206.70","204.20","","0.93%"
"1985- 12- 10","204.40","204.20","205.20","203.70","","0.10%"
"1985- 12- 09","204.20","203.00","204.70","203.00","","0.59%"
"1985- 12- 06","203.00","203.90","203.90","202.40","","-0.44%"
"1985- 12- 05","203.90","204.20","205.90","203.80","","-0.15%"
"1985- 12- 04","204.20","200.90","204.20","200.90","","1.64%"
"1985- 12- 03","200.90","200.50","201.00","200.10","","0.20%"
"1985- 12- 02","200.50","202.20","202.20","200.20","","-0.84%"
"1985- 11- 29","202.20","202.50","203.40","201.90","","-0.15%"
"1985- 11- 27","202.50","200.70","202.70","200.70","","0.90%"
"1985- 11- 26","200.70","200.30","201.20","200.10","","0.20%"
"1985- 11- 25","200.30","201.50","201.50","200.10","","-0.60%"
"1985- 11- 22","201.50","201.40","202.00","201.10","","0.05%"
"1985- 11- 21","201.40","199.00","201.40","199.00","","1.21%"
"1985- 11- 20","199.00","198.70","199.20","198.50","","0.15%"
"1985- 11- 19","198.70","198.70","199.50","198.00","","0.00%"
"1985- 11- 18","198.70","198.10","198.70","197.50","","0.30%"
"1985- 11- 15","198.10","199.10","199.60","197.90","","-0.50%"
"1985- 11- 14","199.10","197.10","199.20","196.90","","1.01%"
"1985- 11- 13","197.10","198.10","198.10","196.90","","-0.50%"
"1985- 11- 12","198.10","197.30","198.70","197.00","","0.41%"
"1985- 11- 11","197.30","193.70","197.30","193.70","","1.86%"
"1985- 11- 08","193.70","192.60","194.00","192.50","","0.57%"
"1985- 11- 07","192.60","192.80","193.00","192.20","","-0.10%"
"1985- 11- 06","192.80","192.40","193.00","191.80","","0.21%"
"1985- 11- 05","192.40","191.20","192.40","191.00","","0.63%"
"1985- 11- 04","191.20","191.50","192.00","190.70","","-0.16%"
"1985- 11- 01","191.50","189.80","191.50","189.40","","0.90%"
"1985- 10- 31","189.80","190.10","190.20","189.30","","-0.16%"
"1985- 10- 30","190.10","189.20","190.10","189.10","","0.48%"
"1985- 10- 29","189.20","187.80","189.80","187.80","","0.75%"
"1985- 10- 28","187.80","187.50","187.80","186.90","","0.16%"
"1985- 10- 25","187.50","188.50","188.50","187.30","","-0.53%"
"1985- 10- 24","188.50","189.10","189.40","188.40","","-0.32%"
"1985- 10- 23","189.10","188.00","189.10","188.00","","0.59%"
"1985- 10- 22","188.00","187.00","188.60","187.00","","0.53%"
"1985- 10- 21","187.00","187.00","187.20","186.80","","0.00%"
"1985- 10- 18","187.00","187.70","188.10","186.90","","-0.37%"
"1985- 10- 17","187.70","188.00","188.50","187.40","","-0.16%"
"1985- 10- 16","188.00","186.10","188.00","186.10","","1.02%"
"1985- 10- 15","186.10","186.40","187.20","185.70","","-0.16%"
"1985- 10- 14","186.40","184.30","186.40","184.30","","1.14%"
"1985- 10- 11","184.30","182.80","184.30","182.60","","0.82%"
"1985- 10- 10","182.80","182.50","182.80","182.10","","0.16%"
"1985- 10- 09","182.50","181.90","183.30","181.90","","0.33%"
"1985- 10- 08","181.90","181.90","182.30","181.20","","0.00%"
"1985- 10- 07","181.90","183.20","183.20","181.30","","-0.71%"
"1985- 10- 04","183.20","184.40","184.40","182.70","","-0.65%"
"1985- 10- 03","184.40","184.10","185.20","183.60","","0.16%"
"1985- 10- 02","184.10","185.10","185.90","184.10","","-0.54%"
"1985- 10- 01","185.10","182.10","185.10","182.10","","1.65%"
"1985- 09- 30","182.10","181.30","182.10","181.20","","0.44%"
"1985- 09- 27","181.30","181.30","181.30","179.40","","0.00%"
"1985- 09- 26","181.30","180.70","181.30","179.40","","0.33%"
"1985- 09- 25","180.70","182.60","182.60","180.60","","-1.04%"
"1985- 09- 24","182.60","184.30","184.30","182.40","","-0.92%"
"1985- 09- 23","184.30","182.10","184.70","182.10","","1.21%"
"1985- 09- 20","182.10","183.40","184.00","182.00","","-0.71%"
"1985- 09- 19","183.40","181.70","183.40","181.70","","0.94%"
"1985- 09- 18","181.70","181.40","181.80","180.80","","0.17%"
"1985- 09- 17","181.40","182.90","182.90","180.80","","-0.82%"
"1985- 09- 16","182.90","182.90","182.90","182.40","","0.00%"
"1985- 09- 13","182.90","183.70","184.20","182.10","","-0.44%"
"1985- 09- 12","183.70","185.00","185.20","183.50","","-0.70%"
"1985- 09- 11","185.00","186.90","186.90","184.80","","-1.02%"
"1985- 09- 10","186.90","188.20","188.30","186.50","","-0.69%"
"1985- 09- 09","188.20","188.20","188.80","187.90","","0.00%"
"1985- 09- 06","188.20","187.30","188.40","187.30","","0.48%"
"1985- 09- 05","187.30","187.40","187.50","186.90","","-0.05%"
"1985- 09- 04","187.40","187.90","187.90","187.00","","-0.27%"
"1985- 09- 03","187.90","188.60","188.60","187.40","","-0.37%"
"1985- 08- 30","188.60","188.90","189.10","188.00","","-0.16%"
"1985- 08- 29","188.90","188.80","188.90","188.40","","0.05%"
"1985- 08- 28","188.80","188.10","188.80","187.90","","0.37%"
"1985- 08- 27","188.10","187.30","188.10","187.30","","0.43%"
"1985- 08- 26","187.30","187.20","187.40","186.50","","0.05%"
"1985- 08- 23","187.20","187.40","187.40","186.60","","-0.11%"
"1985- 08- 22","187.40","189.20","189.20","187.20","","-0.95%"
"1985- 08- 21","189.20","188.10","189.20","188.10","","0.58%"
"1985- 08- 20","188.10","186.40","188.30","186.40","","0.91%"
"1985- 08- 19","186.40","186.10","186.80","186.10","","0.16%"
"1985- 08- 16","186.10","187.30","187.30","186.10","","-0.64%"
"1985- 08- 15","187.30","187.40","187.70","186.60","","-0.05%"
"1985- 08- 14","187.40","187.30","187.90","187.30","","0.05%"
"1985- 08- 13","187.30","187.60","188.20","186.50","","-0.16%"
"1985- 08- 12","187.60","188.30","188.30","187.40","","-0.37%"
"1985- 08- 09","188.30","188.90","189.10","188.10","","-0.32%"
"1985- 08- 08","188.90","187.70","189.00","187.70","","0.64%"
"1985- 08- 07","187.70","187.90","187.90","187.40","","-0.11%"
"1985- 08- 06","187.90","190.60","190.70","187.90","","-1.42%"
"1985- 08- 05","190.60","191.50","191.50","189.90","","-0.47%"
"1985- 08- 02","191.50","192.10","192.10","191.30","","-0.31%"
"1985- 08- 01","192.10","190.90","192.20","190.90","","0.63%"
"1985- 07- 31","190.90","189.90","191.30","189.90","","0.53%"
"1985- 07- 30","189.90","189.60","190.10","189.30","","0.16%"
"1985- 07- 29","189.60","192.40","192.40","189.50","","-1.46%"
"1985- 07- 26","192.40","192.10","192.80","191.60","","0.16%"
"1985- 07- 25","192.10","191.60","192.20","191.20","","0.26%"
"1985- 07- 24","191.60","192.60","192.60","190.70","","-0.52%"
"1985- 07- 23","192.60","194.30","195.00","192.30","","-0.87%"
"1985- 07- 22","194.30","195.10","195.10","193.60","","-0.41%"
"1985- 07- 19","195.10","194.40","195.10","194.30","","0.36%"
"1985- 07- 18","194.40","195.70","195.70","194.30","","-0.66%"
"1985- 07- 17","195.70","194.70","196.10","194.70","","0.51%"
"1985- 07- 16","194.70","192.70","194.70","192.70","","1.04%"
"1985- 07- 15","192.70","193.30","193.80","192.60","","-0.31%"
"1985- 07- 12","193.30","192.90","193.30","192.60","","0.21%"
"1985- 07- 11","192.90","192.40","192.90","192.30","","0.26%"
"1985- 07- 10","192.40","191.10","192.40","191.00","","0.68%"
"1985- 07- 09","191.10","191.90","191.90","190.80","","-0.42%"
"1985- 07- 08","191.90","192.50","192.50","191.30","","-0.31%"
"1985- 07- 05","192.50","191.40","192.70","191.40","","0.57%"
"1985- 07- 03","191.40","192.00","192.10","191.40","","-0.31%"
"1985- 07- 02","192.00","192.40","192.60","191.80","","-0.21%"
"1985- 07- 01","192.40","191.80","192.40","191.20","","0.31%"
"1985- 06- 28","191.80","191.20","191.80","191.00","","0.31%"
"1985- 06- 27","191.20","190.10","191.40","190.10","","0.58%"
"1985- 06- 26","190.10","189.70","190.30","189.40","","0.21%"
"1985- 06- 25","189.70","189.20","191.00","189.20","","0.26%"
"1985- 06- 24","189.20","189.60","189.60","187.80","","-0.21%"
"1985- 06- 21","189.60","186.70","189.70","186.40","","1.55%"
"1985- 06- 20","186.70","186.60","186.80","186.00","","0.05%"
"1985- 06- 19","186.60","187.30","188.00","186.60","","-0.37%"
"1985- 06- 18","187.30","186.50","187.70","186.50","","0.43%"
"1985- 06- 17","186.50","187.10","187.10","186.00","","-0.32%"
"1985- 06- 14","187.10","185.30","187.10","185.30","","0.97%"
"1985- 06- 13","185.30","187.60","187.60","185.00","","-1.23%"
"1985- 06- 12","187.60","189.00","189.00","187.60","","-0.74%"
"1985- 06- 11","189.00","189.50","189.60","188.80","","-0.26%"
"1985- 06- 10","189.50","189.70","189.70","188.80","","-0.11%"
"1985- 06- 07","189.70","191.10","191.30","189.60","","-0.73%"
"1985- 06- 06","191.10","190.20","191.10","189.10","","0.47%"
"1985- 06- 05","190.20","190.00","191.00","190.00","","0.11%"
"1985- 06- 04","190.00","189.30","190.30","188.90","","0.37%"
"1985- 06- 03","189.30","189.60","190.40","188.90","","-0.16%"
"1985- 05- 31","189.60","187.80","189.60","187.40","","0.96%"
"1985- 05- 30","187.80","187.70","188.00","187.10","","0.05%"
"1985- 05- 29","187.70","187.90","187.90","187.10","","-0.11%"
"1985- 05- 28","187.90","188.30","188.90","187.40","","-0.21%"
"1985- 05- 24","188.30","187.60","188.30","187.30","","0.37%"
"1985- 05- 23","187.60","188.60","188.60","187.40","","-0.53%"
"1985- 05- 22","188.60","189.60","189.60","187.70","","-0.53%"
"1985- 05- 21","189.60","189.70","189.80","188.80","","-0.05%"
"1985- 05- 20","189.70","187.40","190.00","187.40","","1.23%"
"1985- 05- 17","187.40","185.70","187.90","185.50","","0.92%"
"1985- 05- 16","185.70","184.50","185.70","184.50","","0.65%"
"1985- 05- 15","184.50","183.90","185.40","183.90","","0.33%"
"1985- 05- 14","183.90","184.60","185.20","183.70","","-0.38%"
"1985- 05- 13","184.60","184.30","184.60","184.20","","0.16%"
"1985- 05- 10","184.30","181.90","184.70","181.90","","1.32%"
"1985- 05- 09","181.90","180.60","182.00","180.60","","0.72%"
"1985- 05- 08","180.60","180.80","180.80","180.00","","-0.11%"
"1985- 05- 07","180.80","180.00","181.10","179.90","","0.44%"
"1985- 05- 06","180.00","180.10","180.60","179.80","","-0.06%"
"1985- 05- 03","180.10","179.00","180.30","179.00","","0.61%"
"1985- 05- 02","179.00","178.40","179.00","178.40","","0.34%"
"1985- 05- 01","178.40","179.80","180.00","178.30","","-0.78%"
"1985- 04- 30","179.80","180.60","180.60","178.90","","-0.44%"
"1985- 04- 29","180.60","182.20","182.30","180.60","","-0.88%"
"1985- 04- 26","182.20","183.40","183.60","182.10","","-0.65%"
"1985- 04- 25","183.40","182.30","183.40","182.10","","0.60%"
"1985- 04- 24","182.30","181.90","182.30","181.70","","0.22%"
"1985- 04- 23","181.90","180.70","182.00","180.30","","0.66%"
"1985- 04- 22","180.70","181.10","181.20","180.20","","-0.22%"
"1985- 04- 19","181.10","180.80","181.20","180.40","","0.17%"
"1985- 04- 18","180.80","181.70","182.60","180.80","","-0.50%"
"1985- 04- 17","181.70","181.20","181.90","181.10","","0.28%"
"1985- 04- 16","181.20","180.90","181.80","180.20","","0.17%"
"1985- 04- 15","180.90","180.50","181.20","180.40","","0.22%"
"1985- 04- 12","180.50","180.20","180.60","180.10","","0.17%"
"1985- 04- 11","180.20","179.40","180.90","179.40","","0.45%"
"1985- 04- 10","179.40","178.20","179.90","178.20","","0.67%"
"1985- 04- 09","178.20","178.00","178.70","178.00","","0.11%"
"1985- 04- 08","178.00","179.00","179.50","177.90","","-0.56%"
"1985- 04- 04","179.00","179.10","179.10","178.30","","-0.06%"
"1985- 04- 03","179.10","180.50","180.50","178.60","","-0.78%"
"1985- 04- 02","180.50","181.30","181.90","180.30","","-0.44%"
"1985- 04- 01","181.30","180.70","181.30","180.40","","0.33%"
"1985- 03- 29","180.70","179.50","180.70","179.50","","0.67%"
"1985- 03- 28","179.50","179.50","180.60","179.40","","0.00%"
"1985- 03- 27","179.50","178.40","179.80","178.40","","0.62%"
"1985- 03- 26","178.40","178.00","178.90","177.90","","0.22%"
"1985- 03- 25","178.00","179.00","179.00","177.80","","-0.56%"
"1985- 03- 22","179.00","179.30","179.90","178.90","","-0.17%"
"1985- 03- 21","179.30","179.10","180.20","178.90","","0.11%"
"1985- 03- 20","179.10","179.50","179.80","178.80","","-0.22%"
"1985- 03- 19","179.50","176.90","179.60","176.90","","1.47%"
"1985- 03- 18","176.90","176.50","177.70","176.50","","0.23%"
"1985- 03- 15","176.50","177.80","178.40","176.50","","-0.73%"
"1985- 03- 14","177.80","178.20","178.50","177.60","","-0.22%"
"1985- 03- 13","178.20","179.70","180.00","178.00","","-0.83%"
"1985- 03- 12","179.70","178.80","180.10","178.70","","0.50%"
"1985- 03- 11","178.80","179.10","179.50","178.20","","-0.17%"
"1985- 03- 08","179.10","179.50","180.00","179.10","","-0.22%"
"1985- 03- 07","179.50","180.70","180.70","179.40","","-0.66%"
"1985- 03- 06","180.70","182.20","182.20","180.60","","-0.82%"
"1985- 03- 05","182.20","182.10","182.70","181.40","","0.05%"
"1985- 03- 04","182.10","183.20","183.40","181.40","","-0.60%"
"1985- 03- 01","183.20","181.20","183.90","181.20","","1.10%"
"1985- 02- 28","181.20","180.70","181.20","180.30","","0.28%"
"1985- 02- 27","180.70","181.20","181.90","180.50","","-0.28%"
"1985- 02- 26","181.20","179.20","181.60","179.20","","1.12%"
"1985- 02- 25","179.20","179.40","179.40","178.10","","-0.11%"
"1985- 02- 22","179.40","180.20","180.40","179.20","","-0.44%"
"1985- 02- 21","180.20","181.20","181.20","180.00","","-0.55%"
"1985- 02- 20","181.20","181.30","182.10","180.60","","-0.06%"
"1985- 02- 19","181.30","181.60","181.60","180.90","","-0.17%"
"1985- 02- 15","181.60","182.40","182.70","181.20","","-0.44%"
"1985- 02- 14","182.40","183.30","183.90","182.40","","-0.49%"
"1985- 02- 13","183.30","180.60","183.90","180.50","","1.50%"
"1985- 02- 12","180.60","180.50","180.80","179.40","","0.06%"
"1985- 02- 11","180.50","182.20","182.20","180.10","","-0.93%"
"1985- 02- 08","182.20","181.80","182.40","181.70","","0.22%"
"1985- 02- 07","181.80","180.40","182.00","180.40","","0.78%"
"1985- 02- 06","180.40","180.60","181.50","180.30","","-0.11%"
"1985- 02- 05","180.60","180.30","181.50","180.10","","0.17%"
"1985- 02- 04","180.30","178.60","180.30","177.80","","0.95%"
"1985- 02- 01","178.60","179.60","179.60","178.40","","-0.56%"
"1985- 01- 31","179.60","179.40","179.80","178.60","","0.11%"
"1985- 01- 30","179.40","179.20","180.30","179.10","","0.11%"
"1985- 01- 29","179.20","177.40","179.20","176.60","","1.01%"
"1985- 01- 28","177.40","177.30","178.20","176.60","","0.06%"
"1985- 01- 25","177.30","176.70","177.80","176.50","","0.34%"
"1985- 01- 24","176.70","177.30","178.20","176.60","","-0.34%"
"1985- 01- 23","177.30","175.50","177.30","175.20","","1.03%"
"1985- 01- 22","175.50","175.20","176.60","175.20","","0.17%"
"1985- 01- 21","175.20","171.30","175.40","171.30","","2.28%"
"1985- 01- 18","171.30","170.70","171.40","170.70","","0.35%"
"1985- 01- 17","170.70","171.20","171.30","170.20","","-0.29%"
"1985- 01- 16","171.20","170.80","171.90","170.40","","0.23%"
"1985- 01- 15","170.80","170.50","171.80","170.40","","0.18%"
"1985- 01- 14","170.50","167.90","170.60","167.60","","1.55%"
"1985- 01- 11","167.90","168.30","168.70","167.60","","-0.24%"
"1985- 01- 10","168.30","165.20","168.30","165.00","","1.88%"
"1985- 01- 09","165.20","164.00","165.60","164.00","","0.73%"
"1985- 01- 08","164.00","164.20","164.60","163.90","","-0.12%"
"1985- 01- 07","164.20","163.70","164.70","163.70","","0.31%"
"1985- 01- 04","163.70","164.60","164.60","163.40","","-0.55%"
"1985- 01- 03","164.60","165.40","166.10","164.40","","-0.48%"
"1985- 01- 02","165.40","167.20","167.20","165.20","","-1.08%"
"1984- 12- 31","167.20","166.30","167.30","166.10","","0.54%"
"1984- 12- 28","166.30","165.80","166.30","165.70","","0.30%"
"1984- 12- 27","165.80","166.50","166.50","165.60","","-0.42%"
"1984- 12- 26","166.50","166.80","166.80","166.30","","-0.18%"
"1984- 12- 24","166.80","165.50","166.90","165.50","","0.79%"
"1984- 12- 21","165.50","166.40","166.40","164.60","","-0.54%"
"1984- 12- 20","166.40","167.20","167.60","166.30","","-0.48%"
"1984- 12- 19","167.20","168.10","169.00","166.80","","-0.54%"
"1984- 12- 18","168.10","163.60","168.10","163.60","","2.75%"
"1984- 12- 17","163.60","162.70","163.60","162.70","","0.55%"
"1984- 12- 14","162.70","161.80","163.50","161.60","","0.56%"
"1984- 12- 13","161.80","162.60","162.90","161.50","","-0.49%"
"1984- 12- 12","162.60","163.10","163.20","162.60","","-0.31%"
"1984- 12- 11","163.10","162.80","163.20","162.60","","0.18%"
"1984- 12- 10","162.80","162.30","163.30","161.50","","0.31%"
"1984- 12- 07","162.30","162.80","163.30","162.30","","-0.31%"
"1984- 12- 06","162.80","162.10","163.10","161.80","","0.43%"
"1984- 12- 05","162.10","163.40","163.40","161.90","","-0.80%"
"1984- 12- 04","163.40","162.80","163.90","162.80","","0.37%"
"1984- 12- 03","162.80","163.60","163.60","162.30","","-0.49%"
"1984- 11- 30","163.60","163.90","163.90","163.00","","-0.18%"
"1984- 11- 29","163.90","165.00","165.00","163.80","","-0.67%"
"1984- 11- 28","165.00","166.30","166.90","165.00","","-0.78%"
"1984- 11- 27","166.30","165.60","166.80","165.10","","0.42%"
"1984- 11- 26","165.60","166.90","166.90","165.40","","-0.78%"
"1984- 11- 23","166.90","164.50","166.90","164.50","","1.46%"
"1984- 11- 21","164.50","164.20","164.70","163.30","","0.18%"
"1984- 11- 20","164.20","163.10","164.50","163.10","","0.67%"
"1984- 11- 19","163.10","164.10","164.30","163.00","","-0.61%"
"1984- 11- 16","164.10","165.90","166.20","164.10","","-1.08%"
"1984- 11- 15","165.90","166.00","166.50","165.60","","-0.06%"
"1984- 11- 14","166.00","166.00","166.40","165.40","","0.00%"
"1984- 11- 13","166.00","167.40","167.40","165.80","","-0.84%"
"1984- 11- 12","167.40","167.60","167.70","166.70","","-0.12%"
"1984- 11- 09","167.60","168.70","169.50","167.40","","-0.65%"
"1984- 11- 08","168.70","169.20","169.30","168.30","","-0.30%"
"1984- 11- 07","169.20","170.40","170.40","168.40","","-0.70%"
"1984- 11- 06","170.40","168.60","170.40","168.60","","1.07%"
"1984- 11- 05","168.60","167.40","168.70","167.30","","0.72%"
"1984- 11- 02","167.40","167.50","167.90","167.20","","-0.06%"
"1984- 11- 01","167.50","166.10","167.80","166.10","","0.84%"
"1984- 10- 31","166.10","166.80","166.90","166.00","","-0.42%"
"1984- 10- 30","166.80","164.80","167.30","164.80","","1.21%"
"1984- 10- 29","164.80","165.30","165.30","164.70","","-0.30%"
"1984- 10- 26","165.30","166.30","166.30","164.90","","-0.60%"
"1984- 10- 25","166.30","167.20","167.60","166.20","","-0.54%"
"1984- 10- 24","167.20","167.10","167.50","166.80","","0.06%"
"1984- 10- 23","167.10","167.40","168.30","166.80","","-0.18%"
"1984- 10- 22","167.40","168.00","168.40","167.30","","-0.36%"
"1984- 10- 19","168.00","168.10","169.60","167.30","","-0.06%"
"1984- 10- 18","168.10","164.10","168.10","163.80","","2.44%"
"1984- 10- 17","164.10","164.80","165.00","163.70","","-0.42%"
"1984- 10- 16","164.80","165.80","165.80","164.70","","-0.60%"
"1984- 10- 15","165.80","164.20","166.20","164.10","","0.97%"
"1984- 10- 12","164.20","162.80","164.50","162.80","","0.86%"
"1984- 10- 11","162.80","162.10","162.90","162.00","","0.43%"
"1984- 10- 10","162.10","161.70","162.10","160.00","","0.25%"
"1984- 10- 09","161.70","162.10","162.80","161.60","","-0.25%"
"1984- 10- 08","162.10","162.70","162.70","161.80","","-0.37%"
"1984- 10- 05","162.70","162.90","163.30","162.50","","-0.12%"
"1984- 10- 04","162.90","162.40","163.20","162.40","","0.31%"
"1984- 10- 03","162.40","163.60","163.60","162.20","","-0.73%"
"1984- 10- 02","163.60","164.60","165.20","163.60","","-0.61%"
"1984- 10- 01","164.60","166.10","166.10","164.50","","-0.90%"
"1984- 09- 28","166.10","167.00","167.00","165.80","","-0.54%"
"1984- 09- 27","167.00","166.30","167.20","166.30","","0.42%"
"1984- 09- 26","166.30","165.60","167.20","165.60","","0.42%"
"1984- 09- 25","165.60","165.30","166.00","164.40","","0.18%"
"1984- 09- 24","165.30","165.70","166.10","165.00","","-0.24%"
"1984- 09- 21","165.70","167.50","168.70","165.70","","-1.07%"
"1984- 09- 20","167.50","166.90","167.50","166.70","","0.36%"
"1984- 09- 19","166.90","167.70","168.80","166.90","","-0.48%"
"1984- 09- 18","167.70","168.90","168.90","167.60","","-0.71%"
"1984- 09- 17","168.90","168.80","169.40","168.00","","0.06%"
"1984- 09- 14","168.80","167.90","169.70","167.90","","0.54%"
"1984- 09- 13","167.90","164.70","167.90","164.70","","1.94%"
"1984- 09- 12","164.70","164.40","164.80","164.10","","0.18%"
"1984- 09- 11","164.40","164.30","166.20","164.30","","0.06%"
"1984- 09- 10","164.30","164.40","165.10","163.10","","-0.06%"
"1984- 09- 07","164.40","165.70","166.30","164.20","","-0.78%"
"1984- 09- 06","165.70","164.30","165.90","164.30","","0.85%"
"1984- 09- 05","164.30","164.90","164.90","163.80","","-0.36%"
"1984- 09- 04","164.90","166.70","166.70","164.70","","-1.08%"
"1984- 08- 31","166.70","166.60","166.70","165.80","","0.06%"
"1984- 08- 30","166.60","167.10","167.20","166.60","","-0.30%"
"1984- 08- 29","167.10","167.40","168.20","167.00","","-0.18%"
"1984- 08- 28","167.40","166.40","167.40","166.20","","0.60%"
"1984- 08- 27","166.40","167.50","167.50","165.80","","-0.66%"
"1984- 08- 24","167.50","167.10","167.50","167.10","","0.24%"
"1984- 08- 23","167.10","167.10","167.80","166.60","","0.00%"
"1984- 08- 22","167.10","167.80","168.80","166.90","","-0.42%"
"1984- 08- 21","167.80","164.90","168.20","164.90","","1.76%"
"1984- 08- 20","164.90","164.10","164.90","163.80","","0.49%"
"1984- 08- 17","164.10","163.80","164.60","163.80","","0.18%"
"1984- 08- 16","163.80","162.80","164.40","162.80","","0.61%"
"1984- 08- 15","162.80","164.40","164.40","162.80","","-0.97%"
"1984- 08- 14","164.40","165.40","166.10","164.30","","-0.60%"
"1984- 08- 13","165.40","165.40","165.50","164.00","","0.00%"
"1984- 08- 10","165.40","165.50","168.60","165.20","","-0.06%"
"1984- 08- 09","165.50","161.80","165.90","161.50","","2.29%"
"1984- 08- 08","161.80","162.70","163.90","161.80","","-0.55%"
"1984- 08- 07","162.70","162.60","163.60","160.80","","0.06%"
"1984- 08- 06","162.60","162.30","165.30","162.10","","0.18%"
"1984- 08- 03","162.30","158.00","162.60","158.00","","2.72%"
"1984- 08- 02","158.00","154.10","158.00","154.10","","2.53%"
"1984- 08- 01","154.10","150.70","154.10","150.70","","2.26%"
"1984- 07- 31","150.70","150.20","150.80","149.70","","0.33%"
"1984- 07- 30","150.20","151.20","151.20","150.10","","-0.66%"
"1984- 07- 27","151.20","150.10","151.40","150.00","","0.73%"
"1984- 07- 26","150.10","148.80","150.20","148.80","","0.87%"
"1984- 07- 25","148.80","147.80","149.30","147.30","","0.68%"
"1984- 07- 24","147.80","148.90","149.30","147.80","","-0.74%"
"1984- 07- 23","148.90","149.60","149.60","147.80","","-0.47%"
"1984- 07- 20","149.60","150.40","150.60","149.10","","-0.53%"
"1984- 07- 19","150.40","151.40","151.40","150.30","","-0.66%"
"1984- 07- 18","151.40","152.40","152.40","151.10","","-0.66%"
"1984- 07- 17","152.40","151.60","152.60","151.30","","0.53%"
"1984- 07- 16","151.60","150.90","151.60","150.00","","0.46%"
"1984- 07- 13","150.90","150.00","151.20","150.00","","0.60%"
"1984- 07- 12","150.00","150.60","151.10","149.60","","-0.40%"
"1984- 07- 11","150.60","152.90","152.90","150.60","","-1.50%"
"1984- 07- 10","152.90","153.40","153.50","152.60","","-0.33%"
"1984- 07- 09","153.40","152.20","153.50","151.40","","0.79%"
"1984- 07- 06","152.20","152.80","152.80","151.60","","-0.39%"
"1984- 07- 05","152.80","153.70","153.90","152.70","","-0.59%"
"1984- 07- 03","153.70","153.20","153.90","153.10","","0.33%"
"1984- 07- 02","153.20","153.20","153.20","152.40","","0.00%"
"1984- 06- 29","153.20","152.80","154.10","152.80","","0.26%"
"1984- 06- 28","152.80","151.60","153.10","151.60","","0.79%"
"1984- 06- 27","151.60","152.70","152.90","151.30","","-0.72%"
"1984- 06- 26","152.70","154.00","154.00","152.50","","-0.84%"
"1984- 06- 25","154.00","154.50","154.70","153.90","","-0.32%"
"1984- 06- 22","154.50","154.50","154.90","153.90","","0.00%"
"1984- 06- 21","154.50","154.80","155.60","154.10","","-0.19%"
"1984- 06- 20","154.80","152.60","154.80","151.00","","1.44%"
"1984- 06- 19","152.60","151.70","153.00","151.70","","0.59%"
"1984- 06- 18","151.70","149.00","151.90","148.50","","1.81%"
"1984- 06- 15","149.00","150.40","150.70","149.00","","-0.93%"
"1984- 06- 14","150.40","152.10","152.10","150.30","","-1.12%"
"1984- 06- 13","152.10","152.20","152.80","151.90","","-0.07%"
"1984- 06- 12","152.20","153.10","153.10","151.60","","-0.59%"
"1984- 06- 11","153.10","155.20","155.20","153.00","","-1.35%"
"1984- 06- 08","155.20","154.90","155.40","154.60","","0.19%"
"1984- 06- 07","154.90","155.00","155.10","154.40","","-0.06%"
"1984- 06- 06","155.00","153.70","155.00","153.40","","0.85%"
"1984- 06- 05","153.70","154.30","154.30","153.30","","-0.39%"
"1984- 06- 04","154.30","153.20","155.10","153.20","","0.72%"
"1984- 06- 01","153.20","150.60","153.20","150.60","","1.73%"
"1984- 05- 31","150.60","150.30","150.70","149.80","","0.20%"
"1984- 05- 30","150.30","150.30","151.40","148.70","","0.00%"
"1984- 05- 29","150.30","151.60","151.90","149.90","","-0.86%"
"1984- 05- 25","151.60","151.20","152.80","150.80","","0.26%"
"1984- 05- 24","151.20","153.20","153.20","150.80","","-1.31%"
"1984- 05- 23","153.20","153.90","154.00","153.10","","-0.45%"
"1984- 05- 22","153.90","154.70","154.70","153.00","","-0.52%"
"1984- 05- 21","154.70","155.80","156.10","154.60","","-0.71%"
"1984- 05- 18","155.80","156.60","156.80","155.20","","-0.51%"
"1984- 05- 17","156.60","158.00","158.00","156.20","","-0.89%"
"1984- 05- 16","158.00","158.00","158.40","157.80","","0.00%"
"1984- 05- 15","158.00","157.50","158.30","157.30","","0.32%"
"1984- 05- 14","157.50","158.50","158.50","157.20","","-0.63%"
"1984- 05- 11","158.50","160.00","160.00","157.40","","-0.94%"
"1984- 05- 10","160.00","160.10","160.40","159.60","","-0.06%"
"1984- 05- 09","160.10","160.50","161.30","159.40","","-0.25%"
"1984- 05- 08","160.50","159.50","160.50","159.10","","0.63%"
"1984- 05- 07","159.50","159.10","159.50","158.60","","0.25%"
"1984- 05- 04","159.10","161.20","161.20","158.90","","-1.30%"
"1984- 05- 03","161.20","161.90","161.90","160.90","","-0.43%"
"1984- 05- 02","161.90","161.70","162.10","161.40","","0.12%"
"1984- 05- 01","161.70","160.10","161.70","160.10","","1.00%"
"1984- 04- 30","160.10","159.90","160.40","159.30","","0.13%"
"1984- 04- 27","159.90","160.30","160.70","159.80","","-0.25%"
"1984- 04- 26","160.30","158.70","160.50","158.70","","1.01%"
"1984- 04- 25","158.70","158.10","158.80","157.80","","0.38%"
"1984- 04- 24","158.10","156.80","158.40","156.60","","0.83%"
"1984- 04- 23","156.80","158.00","158.10","156.80","","-0.76%"
"1984- 04- 19","158.00","157.90","158.00","157.10","","0.06%"
"1984- 04- 18","157.90","159.00","159.00","157.60","","-0.69%"
"1984- 04- 17","159.00","158.30","159.60","158.30","","0.44%"
"1984- 04- 16","158.30","157.30","158.30","156.50","","0.64%"
"1984- 04- 13","157.30","157.70","158.90","157.10","","-0.25%"
"1984- 04- 12","157.70","155.00","157.70","154.20","","1.74%"
"1984- 04- 11","155.00","155.90","156.30","154.90","","-0.58%"
"1984- 04- 10","155.90","155.40","156.60","155.40","","0.32%"
"1984- 04- 09","155.40","155.50","155.90","154.70","","-0.06%"
"1984- 04- 06","155.50","155.00","155.50","154.10","","0.32%"
"1984- 04- 05","155.00","157.50","158.10","155.00","","-1.59%"
"1984- 04- 04","157.50","157.70","158.10","157.30","","-0.13%"
"1984- 04- 03","157.70","158.00","158.30","157.20","","-0.19%"
"1984- 04- 02","158.00","159.20","159.90","157.60","","-0.75%"
"1984- 03- 30","159.20","159.50","159.50","158.90","","-0.19%"
"1984- 03- 29","159.50","159.90","160.50","159.50","","-0.25%"
"1984- 03- 28","159.90","157.30","159.90","157.30","","1.65%"
"1984- 03- 27","157.30","156.70","157.30","156.60","","0.38%"
"1984- 03- 26","156.70","156.90","157.20","156.30","","-0.13%"
"1984- 03- 23","156.90","156.70","156.90","156.00","","0.13%"
"1984- 03- 22","156.70","158.70","158.70","156.60","","-1.26%"
"1984- 03- 21","158.70","158.90","159.30","158.60","","-0.13%"
"1984- 03- 20","158.90","157.80","159.20","157.80","","0.70%"
"1984- 03- 19","157.80","159.30","159.30","157.30","","-0.94%"
"1984- 03- 16","159.30","157.40","160.40","157.40","","1.21%"
"1984- 03- 15","157.40","156.80","158.10","156.70","","0.38%"
"1984- 03- 14","156.80","156.80","157.20","156.20","","0.00%"
"1984- 03- 13","156.80","156.30","157.90","156.30","","0.32%"
"1984- 03- 12","156.30","154.30","156.30","154.30","","1.30%"
"1984- 03- 09","154.30","155.20","155.20","153.80","","-0.58%"
"1984- 03- 08","155.20","154.60","155.80","154.30","","0.39%"
"1984- 03- 07","154.60","156.20","156.20","153.80","","-1.02%"
"1984- 03- 06","156.20","157.90","158.40","156.20","","-1.08%"
"1984- 03- 05","157.90","159.20","159.20","157.60","","-0.82%"
"1984- 03- 02","159.20","158.20","159.90","158.20","","0.63%"
"1984- 03- 01","158.20","157.10","158.20","156.80","","0.70%"
"1984- 02- 29","157.10","156.80","158.30","156.40","","0.19%"
"1984- 02- 28","156.80","159.30","159.30","156.40","","-1.57%"
"1984- 02- 27","159.30","157.50","159.60","157.10","","1.14%"
"1984- 02- 24","157.50","154.30","157.50","154.30","","2.07%"
"1984- 02- 23","154.30","154.30","154.40","152.10","","0.00%"
"1984- 02- 22","154.30","154.60","155.10","153.90","","-0.19%"
"1984- 02- 21","154.60","155.70","155.70","154.50","","-0.71%"
"1984- 02- 17","155.70","156.10","156.80","155.50","","-0.26%"
"1984- 02- 16","156.10","156.20","156.40","155.40","","-0.06%"
"1984- 02- 15","156.20","156.60","157.50","156.10","","-0.26%"
"1984- 02- 14","156.60","154.90","156.60","154.90","","1.10%"
"1984- 02- 13","154.90","156.30","156.30","154.10","","-0.90%"
"1984- 02- 10","156.30","155.40","156.50","155.40","","0.58%"
"1984- 02- 09","155.40","155.80","156.20","154.30","","-0.26%"
"1984- 02- 08","155.80","158.70","159.10","155.70","","-1.83%"
"1984- 02- 07","158.70","158.10","158.80","157.00","","0.38%"
"1984- 02- 06","158.10","160.90","160.90","158.00","","-1.74%"
"1984- 02- 03","160.90","163.40","164.00","160.80","","-1.53%"
"1984- 02- 02","163.40","162.70","163.40","162.20","","0.43%"
"1984- 02- 01","162.70","163.40","164.00","162.30","","-0.43%"
"1984- 01- 31","163.40","162.90","163.60","162.00","","0.31%"
"1984- 01- 30","162.90","163.90","164.70","162.40","","-0.61%"
"1984- 01- 27","163.90","164.20","164.30","163.10","","-0.18%"
"1984- 01- 26","164.20","164.80","165.60","164.10","","-0.36%"
"1984- 01- 25","164.80","165.90","167.10","164.70","","-0.66%"
"1984- 01- 24","165.90","164.90","166.30","164.80","","0.61%"
"1984- 01- 23","164.90","166.20","166.20","164.80","","-0.78%"
"1984- 01- 20","166.20","167.00","167.10","165.90","","-0.48%"
"1984- 01- 19","167.00","167.60","167.70","166.70","","-0.36%"
"1984- 01- 18","167.60","167.80","168.30","167.00","","-0.12%"
"1984- 01- 17","167.80","167.20","167.80","167.00","","0.36%"
"1984- 01- 16","167.20","167.00","167.60","166.80","","0.12%"
"1984- 01- 13","167.00","167.80","168.60","166.60","","-0.48%"
"1984- 01- 12","167.80","167.80","168.40","167.70","","0.00%"
"1984- 01- 11","167.80","167.90","168.10","167.30","","-0.06%"
"1984- 01- 10","167.90","168.90","169.50","167.90","","-0.59%"
"1984- 01- 09","168.90","169.30","169.50","168.50","","-0.24%"
"1984- 01- 06","169.30","168.80","169.30","168.50","","0.30%"
"1984- 01- 05","168.80","166.80","169.10","166.80","","1.20%"
"1984- 01- 04","166.80","164.00","166.80","164.00","","1.71%"
"1984- 01- 03","164.00","164.90","164.90","164.00","","-0.55%"
"1983- 12- 30","164.90","164.90","165.90","163.50","","0.00%"
"1983- 12- 29","164.90","165.30","166.70","163.90","","-0.24%"
"1983- 12- 28","165.30","164.80","166.30","163.40","","0.30%"
"1983- 12- 27","164.80","163.20","165.40","162.80","","0.98%"
"1983- 12- 23","163.20","163.30","164.20","162.00","","-0.06%"
"1983- 12- 22","163.30","163.60","165.10","162.10","","-0.18%"
"1983- 12- 21","163.60","162.00","164.50","161.40","","0.99%"
"1983- 12- 20","162.00","162.30","163.50","160.90","","-0.18%"
"1983- 12- 19","162.30","162.40","163.90","161.20","","-0.06%"
"1983- 12- 16","162.40","161.70","163.30","160.60","","0.43%"
"1983- 12- 15","161.70","163.30","163.90","160.90","","-0.98%"
"1983- 12- 14","163.30","164.90","165.70","162.50","","-0.97%"
"1983- 12- 13","164.90","165.60","166.60","163.90","","-0.42%"
"1983- 12- 12","165.60","165.10","166.60","164.00","","0.30%"
"1983- 12- 09","165.10","165.20","166.30","163.60","","-0.06%"
"1983- 12- 08","165.20","165.90","167.10","164.00","","-0.42%"
"1983- 12- 07","165.90","165.50","167.20","164.30","","0.24%"
"1983- 12- 06","165.50","165.80","167.10","164.40","","-0.18%"
"1983- 12- 05","165.80","165.40","166.80","163.70","","0.24%"
"1983- 12- 02","165.40","166.50","167.60","164.40","","-0.66%"
"1983- 12- 01","166.50","166.40","167.80","164.80","","0.06%"
"1983- 11- 30","166.40","167.90","169.10","165.70","","-0.89%"
"1983- 11- 29","167.90","166.50","168.60","165.40","","0.84%"
"1983- 11- 28","166.50","167.20","168.00","165.40","","-0.42%"
"1983- 11- 25","167.20","167.00","168.00","165.90","","0.12%"
"1983- 11- 23","167.00","166.80","168.40","165.30","","0.12%"
"1983- 11- 22","166.80","166.10","168.50","165.10","","0.42%"
"1983- 11- 21","166.10","165.10","167.20","163.90","","0.61%"
"1983- 11- 18","165.10","166.10","166.70","163.60","","-0.60%"
"1983- 11- 17","166.10","166.10","167.40","164.60","","0.00%"
"1983- 11- 16","166.10","165.40","167.60","164.40","","0.42%"
"1983- 11- 15","165.40","166.60","167.40","164.40","","-0.72%"
"1983- 11- 14","166.60","166.30","168.50","162.20","","0.18%"
"1983- 11- 11","166.30","164.40","166.90","163.60","","1.16%"
"1983- 11- 10","164.40","164.00","165.80","163.10","","0.24%"
"1983- 11- 09","164.00","161.80","164.60","161.10","","1.36%"
"1983- 11- 08","161.80","161.90","163.00","160.60","","-0.06%"
"1983- 11- 07","161.90","162.40","163.60","160.90","","-0.31%"
"1983- 11- 04","162.40","163.40","163.80","161.30","","-0.61%"
"1983- 11- 03","163.40","164.80","165.60","162.70","","-0.85%"
"1983- 11- 02","164.80","163.60","166.00","162.80","","0.73%"
"1983- 11- 01","163.60","163.60","164.70","161.40","","0.00%"
"1983- 10- 31","163.60","163.40","165.30","162.00","","0.12%"
"1983- 10- 28","163.40","164.80","165.90","162.40","","-0.85%"
"1983- 10- 27","164.80","165.40","166.20","163.20","","-0.36%"
"1983- 10- 26","165.40","166.50","167.60","164.50","","-0.66%"
"1983- 10- 25","166.50","166.00","168.10","165.20","","0.30%"
"1983- 10- 24","166.00","165.90","166.80","163.00","","0.06%"
"1983- 10- 21","165.90","167.00","168.10","164.10","","-0.66%"
"1983- 10- 20","167.00","166.70","168.30","165.40","","0.18%"
"1983- 10- 19","166.70","167.80","168.60","164.40","","-0.66%"
"1983- 10- 18","167.80","170.40","171.20","166.90","","-1.53%"
"1983- 10- 17","170.40","169.90","172.00","168.70","","0.29%"
"1983- 10- 14","169.90","169.90","171.10","168.20","","0.00%"
"1983- 10- 13","169.90","169.60","171.10","168.40","","0.18%"
"1983- 10- 12","169.60","170.30","171.60","168.40","","-0.41%"
"1983- 10- 11","170.30","172.70","172.90","169.70","","-1.39%"
"1983- 10- 10","172.70","170.80","173.10","169.30","","1.11%"
"1983- 10- 07","170.80","170.30","172.20","169.30","","0.29%"
"1983- 10- 06","170.30","167.70","170.90","167.30","","1.55%"
"1983- 10- 05","167.70","166.30","168.50","165.00","","0.84%"
"1983- 10- 04","166.30","165.80","167.80","164.80","","0.30%"
"1983- 10- 03","165.80","166.10","167.10","163.90","","-0.18%"
"1983- 09- 30","166.10","167.20","167.70","164.80","","-0.66%"
"1983- 09- 29","167.20","168.00","169.20","166.50","","-0.48%"
"1983- 09- 28","168.00","168.40","169.30","166.80","","-0.24%"
"1983- 09- 27","168.40","170.10","170.10","167.20","","-1.00%"
"1983- 09- 26","170.10","169.50","171.60","168.40","","0.35%"
"1983- 09- 23","169.50","169.80","171.10","168.00","","-0.18%"
"1983- 09- 22","169.80","168.40","170.60","167.30","","0.83%"
"1983- 09- 21","168.40","169.20","170.30","167.20","","-0.47%"
"1983- 09- 20","169.20","167.60","170.40","167.40","","0.95%"
"1983- 09- 19","167.60","166.20","168.90","165.70","","0.84%"
"1983- 09- 16","166.20","164.40","167.20","163.70","","1.09%"
"1983- 09- 15","164.40","165.40","166.40","163.70","","-0.60%"
"1983- 09- 14","165.40","164.80","166.30","163.70","","0.36%"
"1983- 09- 13","164.80","165.50","166.10","163.20","","-0.42%"
"1983- 09- 12","165.50","166.90","169.90","164.60","","-0.84%"
"1983- 09- 09","166.90","167.80","168.70","166.00","","-0.54%"
"1983- 09- 08","167.80","168.00","169.10","166.20","","-0.12%"
"1983- 09- 07","168.00","167.90","169.50","166.20","","0.06%"
"1983- 09- 06","167.90","165.00","168.80","165.00","","1.76%"
"1983- 09- 02","165.00","164.20","166.00","163.50","","0.49%"
"1983- 09- 01","164.20","164.40","165.70","162.80","","-0.12%"
"1983- 08- 31","164.40","162.60","165.20","161.70","","1.11%"
"1983- 08- 30","162.60","162.20","163.90","161.20","","0.25%"
"1983- 08- 29","162.20","162.10","163.00","160.20","","0.06%"
"1983- 08- 26","162.10","160.80","163.00","159.60","","0.81%"
"1983- 08- 25","160.80","161.20","162.30","160.80","","-0.25%"
"1983- 08- 24","161.20","162.80","163.60","160.40","","-0.98%"
"1983- 08- 23","162.80","164.30","165.00","161.60","","-0.91%"
"1983- 08- 22","164.30","164.00","166.50","163.10","","0.18%"
"1983- 08- 19","164.00","163.60","165.00","162.30","","0.24%"
"1983- 08- 18","163.60","165.30","166.70","162.90","","-1.03%"
"1983- 08- 17","165.30","163.40","166.20","162.60","","1.16%"
"1983- 08- 16","163.40","163.70","164.80","161.80","","-0.18%"
"1983- 08- 15","163.70","162.20","165.60","162.20","","0.92%"
"1983- 08- 12","162.20","161.50","162.60","161.50","","0.37%"
"1983- 08- 11","161.60","161.50","162.50","158.70","","0.06%"
"1983- 08- 10","161.50","160.10","162.50","158.70","","0.87%"
"1983- 08- 09","160.10","159.20","161.20","157.60","","0.57%"
"1983- 08- 08","159.20","161.70","161.70","158.30","","-1.55%"
"1983- 08- 05","161.70","161.30","163.00","160.00","","0.25%"
"1983- 08- 04","161.30","163.40","163.90","159.00","","-1.29%"
"1983- 08- 03","163.40","162.00","164.40","160.60","","0.86%"
"1983- 08- 02","162.00","162.00","164.00","161.00","","0.00%"
"1983- 08- 01","162.00","162.60","163.80","160.50","","-0.37%"
"1983- 07- 29","162.60","165.00","165.20","160.60","","-1.45%"
"1983- 07- 28","165.00","167.60","168.40","164.40","","-1.55%"
"1983- 07- 27","167.60","170.30","171.70","166.80","","-1.59%"
"1983- 07- 26","170.30","169.50","171.60","168.20","","0.47%"
"1983- 07- 25","169.50","168.90","170.50","166.90","","0.36%"
"1983- 07- 22","168.90","169.10","170.10","167.30","","-0.12%"
"1983- 07- 21","169.10","169.30","170.80","167.30","","-0.12%"
"1983- 07- 20","169.30","164.80","169.90","164.80","","2.73%"
"1983- 07- 19","164.80","163.90","166.10","163.40","","0.55%"
"1983- 07- 18","163.90","164.30","165.40","162.50","","-0.24%"
"1983- 07- 15","164.30","166.00","166.40","163.40","","-1.02%"
"1983- 07- 14","166.00","165.50","167.80","164.80","","0.30%"
"1983- 07- 13","165.50","165.50","166.60","163.90","","0.00%"
"1983- 07- 12","165.50","168.10","168.50","164.90","","-1.55%"
"1983- 07- 11","168.10","167.10","169.20","166.50","","0.60%"
"1983- 07- 08","167.10","167.60","168.70","166.20","","-0.30%"
"1983- 07- 07","167.60","168.50","170.00","166.30","","-0.53%"
"1983- 07- 06","168.50","166.60","169.20","165.70","","1.14%"
"1983- 07- 05","166.60","168.90","168.90","165.00","","-1.36%"
"1983- 07- 01","168.90","168.10","169.40","166.90","","0.48%"
"1983- 06- 30","168.10","166.60","169.10","166.20","","0.90%"
"1983- 06- 29","166.60","165.70","167.90","164.30","","0.54%"
"1983- 06- 28","165.70","168.50","169.40","165.20","","-1.66%"
"1983- 06- 27","168.50","170.40","170.90","167.40","","-1.12%"
"1983- 06- 24","170.40","170.60","171.90","168.70","","-0.12%"
"1983- 06- 23","170.60","171.00","172.10","169.00","","-0.23%"
"1983- 06- 22","171.00","170.50","172.80","169.20","","0.29%"
"1983- 06- 21","170.50","169.00","171.40","167.30","","0.89%"
"1983- 06- 20","169.00","169.10","170.70","167.70","","-0.06%"
"1983- 06- 17","169.10","169.10","170.80","167.30","","0.00%"
"1983- 06- 16","169.10","167.10","170.70","166.80","","1.20%"
"1983- 06- 15","167.10","165.50","167.70","164.10","","0.97%"
"1983- 06- 14","165.50","164.80","167.10","163.70","","0.42%"
"1983- 06- 13","164.80","162.70","165.70","162.00","","1.29%"
"1983- 06- 10","162.70","161.80","163.90","161.20","","0.56%"
"1983- 06- 09","161.80","161.40","163.00","160.00","","0.25%"
"1983- 06- 08","161.40","162.80","163.40","160.40","","-0.86%"
"1983- 06- 07","162.80","164.80","165.80","162.10","","-1.21%"
"1983- 06- 06","164.80","164.40","166.00","163.10","","0.24%"
"1983- 06- 03","164.40","164.00","165.80","162.90","","0.24%"
"1983- 06- 02","164.00","162.60","165.10","161.80","","0.86%"
"1983- 06- 01","162.60","162.40","163.60","160.60","","0.12%"
"1983- 05- 31","162.40","164.50","164.70","161.20","","-1.28%"
"1983- 05- 27","164.50","165.50","166.30","163.60","","-0.60%"
"1983- 05- 26","165.50","166.20","167.40","164.10","","-0.42%"
"1983- 05- 25","166.20","165.50","167.30","163.80","","0.42%"
"1983- 05- 24","165.50","163.40","166.50","163.00","","1.29%"
"1983- 05- 23","163.40","162.10","164.20","159.70","","0.80%"
"1983- 05- 20","162.10","162.00","163.10","160.30","","0.06%"
"1983- 05- 19","162.00","163.30","164.30","161.10","","-0.80%"
"1983- 05- 18","163.30","163.70","166.00","162.30","","-0.24%"
"1983- 05- 17","163.70","163.40","164.70","161.80","","0.18%"
"1983- 05- 16","163.40","164.90","164.90","161.30","","-0.91%"
"1983- 05- 13","164.90","164.20","166.20","163.50","","0.43%"
"1983- 05- 12","164.20","165.00","166.00","163.00","","-0.48%"
"1983- 05- 11","165.00","165.90","167.10","163.70","","-0.54%"
"1983- 05- 10","165.90","165.80","167.40","164.60","","0.06%"
"1983- 05- 09","165.80","166.10","167.20","164.00","","-0.18%"
"1983- 05- 06","166.10","164.30","167.70","163.70","","1.10%"
"1983- 05- 05","164.30","163.30","165.60","162.20","","0.61%"
"1983- 05- 04","163.30","162.30","164.70","161.40","","0.62%"
"1983- 05- 03","162.30","162.10","163.40","160.00","","0.12%"
"1983- 05- 02","162.10","164.40","164.80","161.10","","-1.40%"
"1983- 04- 29","164.40","162.90","165.40","161.90","","0.92%"
"1983- 04- 28","162.90","161.40","163.90","160.50","","0.93%"
"1983- 04- 27","161.40","161.80","163.70","160.00","","-0.25%"
"1983- 04- 26","161.80","158.80","162.20","157.30","","1.89%"
"1983- 04- 25","158.80","160.40","161.70","158.10","","-1.00%"
"1983- 04- 22","160.40","160.10","161.80","158.80","","0.19%"
"1983- 04- 21","160.10","160.70","160.70","159.30","","-0.37%"
"1983- 04- 20","160.70","158.70","161.70","158.00","","1.26%"
"1983- 04- 19","158.70","159.70","160.40","157.50","","-0.63%"
"1983- 04- 18","159.70","158.80","160.60","157.60","","0.57%"
"1983- 04- 15","158.80","158.10","159.90","157.00","","0.44%"
"1983- 04- 14","158.10","156.80","158.80","155.70","","0.83%"
"1983- 04- 13","156.80","155.80","158.00","155.00","","0.64%"
"1983- 04- 12","155.80","155.10","156.80","154.10","","0.45%"
"1983- 04- 11","155.10","152.80","155.80","152.80","","1.51%"
"1983- 04- 08","152.80","151.80","153.50","150.70","","0.66%"
"1983- 04- 07","151.80","151.00","152.60","150.00","","0.53%"
"1983- 04- 06","151.00","151.90","152.40","149.50","","-0.59%"
"1983- 04- 05","151.90","153.00","154.60","151.30","","-0.72%"
"1983- 04- 04","153.00","153.00","153.90","151.30","","0.00%"
"1983- 03- 31","153.00","153.40","156.40","152.30","","-0.26%"
"1983- 03- 30","153.40","151.60","154.00","151.20","","1.19%"
"1983- 03- 29","151.60","151.80","153.20","150.60","","-0.13%"
"1983- 03- 28","151.80","152.70","153.30","150.90","","-0.59%"
"1983- 03- 25","152.70","153.40","154.50","151.50","","-0.46%"
"1983- 03- 24","153.40","152.80","154.70","151.70","","0.39%"
"1983- 03- 23","152.80","150.70","153.80","150.20","","1.39%"
"1983- 03- 22","150.70","151.20","152.60","149.80","","-0.33%"
"1983- 03- 21","151.20","149.90","152.00","148.60","","0.87%"
"1983- 03- 18","149.90","149.60","151.10","148.60","","0.20%"
"1983- 03- 17","149.60","149.80","150.50","144.80","","-0.13%"
"1983- 03- 16","149.80","151.40","152.50","149.00","","-1.06%"
"1983- 03- 15","151.40","150.80","152.10","149.70","","0.40%"
"1983- 03- 14","150.80","151.20","152.20","149.50","","-0.26%"
"1983- 03- 11","151.20","151.80","152.50","150.00","","-0.40%"
"1983- 03- 10","151.80","152.90","154.80","151.10","","-0.72%"
"1983- 03- 09","152.90","151.30","153.30","150.10","","1.06%"
"1983- 03- 08","151.30","153.70","154.10","150.70","","-1.56%"
"1983- 03- 07","153.70","153.70","154.90","151.80","","0.00%"
"1983- 03- 04","153.70","153.50","154.70","151.50","","0.13%"
"1983- 03- 03","153.50","152.30","155.00","151.60","","0.79%"
"1983- 03- 02","152.30","150.90","153.70","150.20","","0.93%"
"1983- 03- 01","150.90","148.10","151.80","148.10","","1.89%"
"1983- 02- 28","148.10","149.70","150.30","146.90","","-1.07%"
"1983- 02- 25","149.70","149.60","151.80","148.70","","0.07%"
"1983- 02- 24","149.60","146.80","150.40","146.80","","1.91%"
"1983- 02- 23","146.80","145.50","147.50","144.50","","0.89%"
"1983- 02- 22","145.50","148.00","148.10","144.70","","-1.69%"
"1983- 02- 18","148.00","147.40","149.10","146.40","","0.41%"
"1983- 02- 17","147.40","147.40","148.50","145.70","","0.00%"
"1983- 02- 16","147.40","148.30","149.70","146.70","","-0.61%"
"1983- 02- 15","148.30","148.90","150.30","147.30","","-0.40%"
"1983- 02- 14","148.90","147.60","149.90","146.70","","0.88%"
"1983- 02- 11","147.60","147.50","149.60","146.40","","0.07%"
"1983- 02- 10","147.50","145.00","148.50","144.80","","1.72%"
"1983- 02- 09","145.00","145.70","146.70","143.40","","-0.48%"
"1983- 02- 08","145.70","146.90","147.90","144.70","","-0.82%"
"1983- 02- 07","146.90","146.10","148.30","145.10","","0.55%"
"1983- 02- 04","146.10","144.30","146.90","143.20","","1.25%"
"1983- 02- 03","144.30","143.20","145.40","142.50","","0.77%"
"1983- 02- 02","143.20","143.00","144.60","141.00","","0.14%"
"1983- 02- 01","143.00","145.30","146.00","142.60","","-1.58%"
"1983- 01- 31","145.30","144.50","146.10","143.00","","0.55%"
"1983- 01- 28","144.50","144.30","146.60","143.20","","0.14%"
"1983- 01- 27","144.30","141.50","145.00","141.20","","1.98%"
"1983- 01- 26","141.50","141.80","143.20","140.10","","-0.21%"
"1983- 01- 25","141.80","140.00","142.70","139.10","","1.29%"
"1983- 01- 24","140.00","143.80","143.80","137.70","","-2.64%"
"1983- 01- 21","143.80","146.30","146.30","142.50","","-1.71%"
"1983- 01- 20","146.30","145.30","147.80","144.50","","0.69%"
"1983- 01- 19","145.30","146.40","147.40","143.50","","-0.75%"
"1983- 01- 18","146.40","146.70","147.70","144.40","","-0.20%"
"1983- 01- 17","146.70","146.70","148.90","145.60","","0.00%"
"1983- 01- 14","146.70","145.70","148.00","144.90","","0.69%"
"1983- 01- 13","145.70","146.70","147.80","144.60","","-0.68%"
"1983- 01- 12","146.70","145.80","149.10","145.10","","0.62%"
"1983- 01- 11","145.80","146.80","147.70","144.40","","-0.68%"
"1983- 01- 10","146.80","145.20","148.00","143.80","","1.10%"
"1983- 01- 07","145.20","145.30","147.60","143.80","","-0.07%"
"1983- 01- 06","145.30","142.00","146.70","141.70","","2.32%"
"1983- 01- 05","142.00","141.30","143.70","140.20","","0.50%"
"1983- 01- 04","141.30","138.30","141.90","137.30","","2.17%"
"1983- 01- 03","138.30","140.60","142.10","137.70","","-1.64%"
"1982- 12- 31","140.60","140.30","141.70","139.40","","0.21%"
"1982- 12- 30","140.30","141.20","142.50","139.60","","-0.64%"
"1982- 12- 29","141.20","140.80","142.50","139.70","","0.28%"
"1982- 12- 28","140.80","142.20","143.10","140.10","","-0.98%"
"1982- 12- 27","142.20","139.70","143.00","139.20","","1.79%"
"1982- 12- 23","139.70","138.80","141.00","138.10","","0.65%"
"1982- 12- 22","138.80","138.60","140.90","137.30","","0.14%"
"1982- 12- 21","138.60","136.30","139.40","135.10","","1.69%"
"1982- 12- 20","136.30","137.50","138.80","135.40","","-0.87%"
"1982- 12- 17","137.50","135.30","138.60","134.80","","1.63%"
"1982- 12- 16","135.30","135.20","137.00","133.80","","0.07%"
"1982- 12- 15","135.20","137.40","137.90","134.20","","-1.60%"
"1982- 12- 14","137.40","139.90","143.00","136.80","","-1.79%"
"1982- 12- 13","139.90","139.60","141.20","138.40","","0.21%"
"1982- 12- 10","139.60","140.00","142.10","138.20","","-0.29%"
"1982- 12- 09","140.00","141.80","142.70","138.30","","-1.27%"
"1982- 12- 08","141.80","142.70","144.70","140.80","","-0.63%"
"1982- 12- 07","142.70","141.80","144.60","140.70","","0.63%"
"1982- 12- 06","141.80","138.70","142.60","137.20","","2.24%"
"1982- 12- 03","138.70","138.80","140.60","137.70","","-0.07%"
"1982- 12- 02","138.80","138.70","140.60","137.60","","0.07%"
"1982- 12- 01","138.70","138.50","141.20","137.30","","0.14%"
"1982- 11- 30","138.50","134.20","139.00","133.40","","3.20%"
"1982- 11- 29","134.20","134.90","136.00","133.00","","-0.52%"
"1982- 11- 26","134.90","133.90","135.60","133.50","","0.75%"
"1982- 11- 24","133.90","132.90","134.90","132.20","","0.75%"
"1982- 11- 23","132.90","134.20","135.10","132.10","","-0.97%"
"1982- 11- 22","134.20","137.00","137.50","133.70","","-2.04%"
"1982- 11- 19","137.00","138.30","139.80","136.30","","-0.94%"
"1982- 11- 18","138.30","137.90","139.60","136.70","","0.29%"
"1982- 11- 17","137.90","135.40","139.00","135.40","","1.85%"
"1982- 11- 16","135.40","137.00","137.30","133.00","","-1.17%"
"1982- 11- 15","137.00","139.50","139.50","135.80","","-1.79%"
"1982- 11- 12","139.50","141.80","142.70","138.80","","-1.62%"
"1982- 11- 11","141.80","141.20","142.40","138.80","","0.42%"
"1982- 11- 10","141.20","143.00","145.20","140.20","","-1.26%"
"1982- 11- 09","143.00","140.40","144.00","139.90","","1.85%"
"1982- 11- 08","140.40","142.20","142.20","138.30","","-1.27%"
"1982- 11- 05","142.20","141.80","143.60","140.20","","0.28%"
"1982- 11- 04","141.80","142.90","145.30","140.70","","-0.77%"
"1982- 11- 03","142.90","137.50","143.50","137.40","","3.93%"
"1982- 11- 02","137.50","135.50","139.30","135.50","","1.48%"
"1982- 11- 01","135.50","133.70","136.00","132.50","","1.35%"
"1982- 10- 29","133.70","133.60","134.80","131.70","","0.07%"
"1982- 10- 28","133.60","135.30","136.20","133.00","","-1.26%"
"1982- 10- 27","135.30","134.50","136.90","133.60","","0.59%"
"1982- 10- 26","134.50","133.30","135.30","130.70","","0.90%"
"1982- 10- 25","133.30","138.90","138.90","132.50","","-3.96%"
"1982- 10- 22","138.80","139.10","141.40","137.50","","-0.22%"
"1982- 10- 21","139.10","139.20","141.40","136.80","","-0.07%"
"1982- 10- 20","139.20","136.60","139.70","135.50","","1.90%"
"1982- 10- 19","136.60","136.70","138.80","134.90","","-0.07%"
"1982- 10- 18","136.70","133.60","137.50","133.20","","2.32%"
"1982- 10- 15","133.60","134.60","135.30","132.10","","-0.74%"
"1982- 10- 14","134.60","136.70","138.00","133.90","","-1.54%"
"1982- 10- 13","136.70","134.40","138.90","133.40","","1.71%"
"1982- 10- 12","134.40","134.50","137.00","132.30","","-0.07%"
"1982- 10- 11","134.50","131.10","136.40","131.10","","2.59%"
"1982- 10- 08","131.10","128.80","132.10","127.20","","1.79%"
"1982- 10- 07","128.80","126.00","130.30","126.00","","2.22%"
"1982- 10- 06","126.00","122.00","126.30","121.80","","3.28%"
"1982- 10- 05","122.00","121.50","123.40","121.00","","0.41%"
"1982- 10- 04","121.50","122.00","122.20","119.90","","-0.41%"
"1982- 10- 01","122.00","120.40","122.50","119.10","","1.33%"
"1982- 09- 30","120.40","121.60","121.90","119.50","","-0.99%"
"1982- 09- 29","121.60","123.20","123.50","120.70","","-1.30%"
"1982- 09- 28","123.20","123.60","124.90","122.60","","-0.32%"
"1982- 09- 27","123.60","123.30","124.20","122.10","","0.24%"
"1982- 09- 24","123.30","123.80","124.40","122.40","","-0.40%"
"1982- 09- 23","123.80","124.00","124.90","122.20","","-0.16%"
"1982- 09- 22","124.00","124.90","127.30","123.60","","-0.72%"
"1982- 09- 21","124.90","122.50","125.30","122.20","","1.96%"
"1982- 09- 20","122.50","122.50","123.20","120.80","","-0.08%"
"1982- 09- 17","122.60","123.30","124.30","121.80","","-0.97%"
"1982- 09- 16","123.80","124.00","125.60","122.90","","-0.40%"
"1982- 09- 15","124.30","123.20","124.70","122.10","","0.97%"
"1982- 09- 14","123.10","123.10","124.50","121.80","","0.74%"
"1982- 09- 13","122.20","120.20","122.70","119.60","","0.99%"
"1982- 09- 10","121.00","121.10","122.20","119.60","","-0.82%"
"1982- 09- 09","122.00","122.40","123.80","121.00","","-0.16%"
"1982- 09- 08","122.20","121.30","123.70","120.40","","0.66%"
"1982- 09- 07","121.40","122.00","123.30","120.40","","-1.06%"
"1982- 09- 03","122.70","122.20","124.80","121.00","","2.00%"
"1982- 09- 02","120.30","117.90","120.90","117.20","","1.78%"
"1982- 09- 01","118.20","120.00","120.70","117.40","","-1.09%"
"1982- 08- 31","119.50","118.10","120.40","117.10","","1.53%"
"1982- 08- 30","117.70","116.00","118.20","115.20","","0.51%"
"1982- 08- 27","117.10","117.40","118.90","115.90","","-1.26%"
"1982- 08- 26","118.60","118.70","121.20","117.10","","0.85%"
"1982- 08- 25","117.60","115.70","118.80","114.60","","1.99%"
"1982- 08- 24","115.30","116.30","117.50","114.10","","-0.69%"
"1982- 08- 23","116.10","112.70","116.70","112.00","","2.74%"
"1982- 08- 20","113.00","110.30","113.50","109.30","","3.48%"
"1982- 08- 19","109.20","109.00","110.70","107.30","","0.65%"
"1982- 08- 18","108.50","110.50","112.80","107.90","","-0.46%"
"1982- 08- 17","109.00","105.40","109.30","104.30","","4.71%"
"1982- 08- 16","104.10","105.40","106.20","103.60","","0.29%"
"1982- 08- 13","103.80","102.50","104.30","101.90","","1.37%"
"1982- 08- 12","102.40","103.00","103.80","101.80","","-0.19%"
"1982- 08- 11","102.60","102.70","103.60","101.80","","-0.19%"
"1982- 08- 10","102.80","103.80","104.40","102.30","","-0.29%"
"1982- 08- 09","103.10","102.40","103.80","101.40","","-0.58%"
"1982- 08- 06","103.70","104.80","105.70","103.30","","-1.43%"
"1982- 08- 05","105.20","105.60","106.30","104.20","","-0.85%"
"1982- 08- 04","106.10","106.80","107.70","105.60","","-1.58%"
"1982- 08- 03","107.80","109.40","110.10","107.40","","-1.10%"
"1982- 08- 02","109.00","108.20","109.60","107.00","","1.77%"
"1982- 07- 30","107.10","107.90","108.50","106.60","","-0.56%"
"1982- 07- 29","107.70","107.90","108.70","106.20","","0.00%"
"1982- 07- 28","107.70","108.90","109.50","107.10","","-1.55%"
"1982- 07- 27","109.40","110.30","111.00","108.90","","-0.91%"
"1982- 07- 26","110.40","110.70","111.50","109.70","","-0.72%"
"1982- 07- 23","111.20","111.50","112.40","110.20","","-0.27%"
"1982- 07- 22","111.50","110.90","112.60","110.20","","0.09%"
"1982- 07- 21","111.40","112.20","113.10","110.70","","-0.09%"
"1982- 07- 20","111.50","111.10","112.20","109.70","","0.72%"
"1982- 07- 19","110.70","111.80","112.30","110.10","","-0.36%"
"1982- 07- 16","111.10","110.20","112.10","109.50","","0.54%"
"1982- 07- 15","110.50","110.80","111.80","109.50","","0.09%"
"1982- 07- 14","110.40","109.70","111.00","108.40","","0.91%"
"1982- 07- 13","109.40","109.20","110.70","108.40","","-0.18%"
"1982- 07- 12","109.60","109.50","110.80","108.10","","0.74%"
"1982- 07- 09","108.80","108.20","109.70","107.30","","1.21%"
"1982- 07- 08","107.50","106.80","108.10","105.10","","0.28%"
"1982- 07- 07","107.20","107.10","108.20","106.30","","-0.09%"
"1982- 07- 06","107.30","107.50","108.30","106.20","","-0.37%"
"1982- 07- 02","107.70","108.10","108.90","106.90","","-0.92%"
"1982- 07- 01","108.70","109.50","110.10","108.10","","-0.82%"
"1982- 06- 30","109.60","109.60","109.60","109.60","","-0.54%"
"1982- 06- 29","110.20","110.30","110.30","109.00","","-0.09%"
"1982- 06- 28","110.30","109.30","111.00","108.70","","1.10%"
"1982- 06- 25","109.10","109.60","110.40","108.50","","-0.64%"
"1982- 06- 24","109.80","110.20","111.40","109.10","","-0.27%"
"1982- 06- 23","110.10","108.60","110.50","107.60","","1.66%"
"1982- 06- 22","108.30","107.20","108.80","106.50","","1.03%"
"1982- 06- 21","107.20","107.10","108.40","106.30","","-0.09%"
"1982- 06- 18","107.30","107.40","108.20","106.50","","-0.28%"
"1982- 06- 17","107.60","108.10","108.90","107.00","","-1.19%"
"1982- 06- 16","108.90","110.10","110.60","108.30","","-0.73%"
"1982- 06- 15","109.70","109.60","110.30","108.60","","-0.27%"
"1982- 06- 14","110.00","110.50","111.30","109.40","","-1.08%"
"1982- 06- 11","111.20","111.10","112.20","110.10","","1.46%"
"1982- 06- 10","109.60","109.30","110.30","108.30","","0.55%"
"1982- 06- 09","109.00","109.40","110.10","108.10","","-0.55%"
"1982- 06- 08","109.60","110.30","110.90","109.00","","-0.45%"
"1982- 06- 07","110.10","109.60","111.10","108.80","","0.00%"
"1982- 06- 04","110.10","111.70","112.20","109.60","","-1.61%"
"1982- 06- 03","111.90","112.30","113.10","111.00","","-0.09%"
"1982- 06- 02","112.00","111.80","112.80","110.90","","0.27%"
"1982- 06- 01","111.70","112.00","112.80","111.00","","-0.18%"
"1982- 05- 28","111.90","112.80","113.20","111.20","","-0.71%"
"1982- 05- 27","112.70","113.10","113.70","112.00","","-0.35%"
"1982- 05- 26","113.10","113.70","114.40","112.40","","-1.14%"
"1982- 05- 25","114.40","115.50","116.10","114.10","","-0.35%"
"1982- 05- 24","114.80","114.40","115.50","113.70","","-0.09%"
"1982- 05- 21","114.90","115.00","115.80","114.00","","0.26%"
"1982- 05- 20","114.60","114.80","115.60","113.70","","-0.26%"
"1982- 05- 19","114.90","115.60","116.50","114.40","","-0.78%"
"1982- 05- 18","115.80","116.40","117.00","115.20","","-0.77%"
"1982- 05- 17","116.70","117.60","118.20","116.20","","-1.10%"
"1982- 05- 14","118.00","118.20","119.10","117.40","","-0.17%"
"1982- 05- 13","118.20","119.10","119.80","117.70","","-0.84%"
"1982- 05- 12","119.20","119.90","120.50","118.20","","-0.17%"
"1982- 05- 11","119.40","118.50","120.10","117.90","","0.84%"
"1982- 05- 10","118.40","119.10","119.70","117.80","","-0.92%"
"1982- 05- 07","119.50","119.10","120.60","118.20","","0.67%"
"1982- 05- 06","118.70","118.80","119.60","117.70","","0.85%"
"1982- 05- 05","117.70","117.80","118.70","116.70","","0.17%"
"1982- 05- 04","117.50","117.40","118.40","116.40","","0.60%"
"1982- 05- 03","116.80","116.00","117.40","115.40","","0.34%"
"1982- 04- 30","116.40","116.20","117.40","115.40","","0.26%"
"1982- 04- 29","116.10","116.40","117.40","115.60","","-1.02%"
"1982- 04- 28","117.30","117.80","118.60","116.40","","-0.59%"
"1982- 04- 27","118.00","118.00","119.70","117.30","","-1.09%"
"1982- 04- 26","119.30","119.30","120.10","117.80","","0.59%"
"1982- 04- 23","118.60","118.60","119.30","117.10","","1.19%"
"1982- 04- 22","117.20","117.20","118.00","115.70","","1.30%"
"1982- 04- 21","115.70","115.70","116.60","114.40","","0.26%"
"1982- 04- 20","115.40","115.40","117.10","114.80","","-1.11%"
"1982- 04- 19","116.70","116.70","118.20","115.80","","-0.09%"
"1982- 04- 16","116.80","116.50","117.70","115.70","","0.43%"
"1982- 04- 15","116.30","115.70","116.90","115.00","","0.43%"
"1982- 04- 14","115.80","115.80","116.70","114.80","","-0.17%"
"1982- 04- 13","116.00","115.90","117.10","115.20","","0.00%"
"1982- 04- 12","116.00","116.30","117.00","115.20","","-0.17%"
"1982- 04- 08","116.20","115.60","116.90","114.90","","0.61%"
"1982- 04- 07","115.50","115.40","116.40","114.60","","0.09%"
"1982- 04- 06","115.40","114.50","115.90","113.70","","0.61%"
"1982- 04- 05","114.70","115.20","115.90","113.90","","-0.35%"
"1982- 04- 02","115.10","114.50","115.80","113.70","","1.14%"
"1982- 04- 01","113.80","112.20","114.20","111.50","","1.61%"
"1982- 03- 31","112.00","112.20","113.20","111.30","","-0.27%"
"1982- 03- 30","112.30","112.20","113.10","111.30","","0.00%"
"1982- 03- 29","112.30","111.70","112.80","110.90","","0.36%"
"1982- 03- 26","111.90","112.70","113.40","111.30","","-1.15%"
"1982- 03- 25","113.20","112.70","114.30","112.00","","0.18%"
"1982- 03- 24","113.00","113.60","114.30","112.20","","-0.53%"
"1982- 03- 23","113.60","113.50","114.50","112.30","","0.71%"
"1982- 03- 22","112.80","111.40","113.30","110.70","","1.99%"
"1982- 03- 19","110.60","110.80","111.60","109.60","","0.27%"
"1982- 03- 18","110.30","109.60","111.00","108.80","","1.10%"
"1982- 03- 17","109.10","109.20","110.10","108.10","","-0.18%"
"1982- 03- 16","109.30","109.70","110.90","108.60","","-0.09%"
"1982- 03- 15","109.40","108.20","110.00","107.50","","0.74%"
"1982- 03- 12","108.60","108.90","109.70","107.50","","-0.73%"
"1982- 03- 11","109.40","109.90","110.90","108.40","","0.00%"
"1982- 03- 10","109.40","109.00","111.00","108.10","","0.55%"
"1982- 03- 09","108.80","107.30","109.90","106.20","","1.40%"
"1982- 03- 08","107.30","110.50","111.10","107.00","","-1.83%"
"1982- 03- 05","109.30","109.70","110.90","108.30","","-0.55%"
"1982- 03- 04","109.90","110.90","111.80","108.80","","-0.90%"
"1982- 03- 03","110.90","111.30","112.50","110.00","","-1.60%"
"1982- 03- 02","112.70","113.90","114.80","112.00","","-0.53%"
"1982- 03- 01","113.30","113.40","114.30","111.90","","0.18%"
"1982- 02- 26","113.10","113.00","114.00","112.00","","-0.09%"
"1982- 02- 25","113.20","113.80","114.90","112.40","","-0.26%"
"1982- 02- 24","113.50","112.30","113.90","110.70","","1.79%"
"1982- 02- 23","111.50","111.30","112.50","110.00","","-0.09%"
"1982- 02- 22","111.60","114.30","114.90","111.20","","-1.41%"
"1982- 02- 19","113.20","114.00","114.60","112.30","","-0.53%"
"1982- 02- 18","113.80","114.20","115.00","113.00","","0.09%"
"1982- 02- 17","113.70","114.20","115.10","113.00","","-0.35%"
"1982- 02- 16","114.10","112.80","114.60","112.10","","-0.26%"
"1982- 02- 12","114.40","114.50","115.40","113.70","","0.00%"
"1982- 02- 11","114.40","114.90","115.60","113.40","","-0.26%"
"1982- 02- 10","114.70","114.50","115.60","113.40","","0.88%"
"1982- 02- 09","113.70","114.00","115.20","112.80","","-0.79%"
"1982- 02- 08","114.60","115.90","117.00","114.20","","-2.30%"
"1982- 02- 05","117.30","116.70","118.30","115.70","","0.77%"
"1982- 02- 04","116.40","116.60","117.50","114.90","","-0.09%"
"1982- 02- 03","116.50","118.00","118.70","116.00","","-1.27%"
"1982- 02- 02","118.00","117.90","119.20","116.90","","0.17%"
"1982- 02- 01","117.80","118.70","119.80","117.10","","-2.16%"
"1982- 01- 29","120.40","120.00","121.40","118.60","","1.26%"
"1982- 01- 28","118.90","116.80","119.30","116.10","","2.77%"
"1982- 01- 27","115.70","115.10","116.60","114.40","","0.43%"
"1982- 01- 26","115.20","115.90","116.60","114.50","","-0.17%"
"1982- 01- 25","115.40","114.40","115.90","113.60","","0.00%"
"1982- 01- 22","115.40","115.80","116.50","114.60","","-0.35%"
"1982- 01- 21","115.80","115.40","116.90","114.60","","0.43%"
"1982- 01- 20","115.30","115.70","116.60","114.30","","-0.60%"
"1982- 01- 19","116.00","117.60","118.20","115.50","","-1.02%"
"1982- 01- 18","117.20","115.40","117.70","114.80","","0.77%"
"1982- 01- 15","116.30","116.00","117.10","115.10","","0.69%"
"1982- 01- 14","115.50","114.80","116.30","114.10","","0.52%"
"1982- 01- 13","114.90","116.80","117.50","114.20","","-1.20%"
"1982- 01- 12","116.30","116.30","117.50","115.20","","-0.43%"
"1982- 01- 11","116.80","119.50","120.30","116.50","","-2.34%"
"1982- 01- 08","119.60","119.40","120.60","118.60","","0.59%"
"1982- 01- 07","118.90","119.20","119.90","117.70","","-0.25%"
"1982- 01- 06","119.20","119.80","120.40","118.00","","-0.75%"
"1982- 01- 05","120.10","122.20","122.60","119.60","","-2.12%"
"1982- 01- 04","122.70","122.60","123.70","121.50","","0.08%"
"1981- 12- 31","122.60","122.50","123.40","121.60","","0.25%"
"1981- 12- 30","122.30","121.60","123.10","121.00","","0.49%"
"1981- 12- 29","121.70","122.30","122.90","121.10","","-0.49%"
"1981- 12- 28","122.30","122.80","123.40","121.70","","-0.16%"
"1981- 12- 24","122.50","122.20","123.10","121.60","","0.16%"
"1981- 12- 23","122.30","122.80","123.60","121.60","","-0.49%"
"1981- 12- 22","122.90","123.20","124.20","122.20","","-0.32%"
"1981- 12- 21","123.30","124.00","124.70","122.70","","-0.56%"
"1981- 12- 18","124.00","123.20","124.90","122.60","","0.73%"
"1981- 12- 17","123.10","122.40","123.80","121.60","","0.57%"
"1981- 12- 16","122.40","122.90","123.70","121.70","","-0.49%"
"1981- 12- 15","123.00","123.00","123.80","121.80","","0.16%"
"1981- 12- 14","122.80","123.40","124.40","122.20","","-1.68%"
"1981- 12- 11","124.90","125.50","126.30","124.30","","-0.64%"
"1981- 12- 10","125.70","125.60","126.50","124.60","","0.16%"
"1981- 12- 09","125.50","125.00","126.10","124.10","","0.56%"
"1981- 12- 08","124.80","124.50","125.80","123.50","","-0.32%"
"1981- 12- 07","125.20","126.20","126.90","124.70","","-0.87%"
"1981- 12- 04","126.30","126.20","127.30","125.10","","0.96%"
"1981- 12- 03","125.10","124.50","125.80","123.60","","0.32%"
"1981- 12- 02","124.70","125.60","126.40","124.20","","-1.11%"
"1981- 12- 01","126.10","125.70","127.30","124.80","","-0.16%"
"1981- 11- 30","126.30","125.30","127.00","124.20","","0.96%"
"1981- 11- 27","125.10","124.20","125.70","123.60","","0.81%"
"1981- 11- 25","124.10","124.30","125.30","123.10","","0.49%"
"1981- 11- 24","123.50","122.10","124.00","121.20","","1.56%"
"1981- 11- 23","121.60","121.80","123.10","120.80","","-0.08%"
"1981- 11- 20","121.70","120.80","122.60","120.10","","0.83%"
"1981- 11- 19","120.70","120.70","121.70","119.40","","0.33%"
"1981- 11- 18","120.30","120.80","121.90","119.60","","-0.74%"
"1981- 11- 17","121.20","120.60","121.80","119.50","","0.83%"
"1981- 11- 16","120.20","120.70","121.60","119.10","","-1.23%"
"1981- 11- 13","121.70","122.80","123.60","121.10","","-1.22%"
"1981- 11- 12","123.20","123.80","124.70","122.20","","0.24%"
"1981- 11- 11","122.90","122.30","123.60","121.50","","0.16%"
"1981- 11- 10","122.70","123.90","124.70","122.00","","-0.49%"
"1981- 11- 09","123.30","123.10","124.10","121.60","","0.49%"
"1981- 11- 06","122.70","123.10","124.00","121.80","","-0.65%"
"1981- 11- 05","123.50","125.10","125.80","123.00","","-0.96%"
"1981- 11- 04","124.70","124.80","126.00","123.60","","-0.08%"
"1981- 11- 03","124.80","124.10","125.50","123.10","","0.48%"
"1981- 11- 02","124.20","123.50","125.10","122.30","","1.89%"
"1981- 10- 30","121.90","119.20","122.50","118.40","","2.35%"
"1981- 10- 29","119.10","119.40","120.40","118.10","","-0.25%"
"1981- 10- 28","119.40","119.60","121.00","118.40","","0.08%"
"1981- 10- 27","119.30","119.00","120.40","117.80","","0.93%"
"1981- 10- 26","118.20","117.80","119.00","116.80","","-0.34%"
"1981- 10- 23","118.60","119.00","119.90","117.80","","-0.84%"
"1981- 10- 22","119.60","119.80","120.80","118.50","","-0.42%"
"1981- 10- 21","120.10","120.50","121.90","119.30","","-0.17%"
"1981- 10- 20","120.30","119.70","121.30","118.80","","1.09%"
"1981- 10- 19","119.00","118.50","119.80","117.60","","-0.17%"
"1981- 10- 16","119.20","119.70","120.50","118.40","","-0.42%"
"1981- 10- 15","119.70","118.90","120.60","118.00","","0.76%"
"1981- 10- 14","118.80","120.20","121.00","118.40","","-1.66%"
"1981- 10- 13","120.80","121.40","122.40","120.00","","-0.33%"
"1981- 10- 12","121.20","121.30","122.40","120.20","","-0.16%"
"1981- 10- 09","121.40","122.50","123.30","120.60","","-0.74%"
"1981- 10- 08","122.30","121.20","123.10","120.20","","0.82%"
"1981- 10- 07","121.30","120.00","121.90","119.10","","1.59%"
"1981- 10- 06","119.40","119.70","121.40","118.10","","-0.08%"
"1981- 10- 05","119.50","120.60","121.50","118.60","","0.08%"
"1981- 10- 02","119.40","118.20","120.20","117.10","","1.96%"
"1981- 10- 01","117.10","115.80","117.70","115.00","","0.77%"
"1981- 09- 30","116.20","115.40","117.10","114.60","","0.26%"
"1981- 09- 29","115.90","116.10","117.80","114.80","","0.35%"
"1981- 09- 28","115.50","110.80","115.80","110.20","","2.39%"
"1981- 09- 25","112.80","113.40","114.70","111.60","","-1.91%"
"1981- 09- 24","115.00","115.80","117.50","114.30","","-0.61%"
"1981- 09- 23","115.70","115.40","116.70","113.60","","-0.86%"
"1981- 09- 22","116.70","117.30","118.20","115.90","","-0.43%"
"1981- 09- 21","117.20","115.80","118.10","115.00","","0.77%"
"1981- 09- 18","116.30","116.50","117.70","115.20","","-0.77%"
"1981- 09- 17","117.20","119.00","119.90","116.60","","-1.43%"
"1981- 09- 16","118.90","119.00","120.00","117.90","","-0.75%"
"1981- 09- 15","119.80","120.80","121.80","119.30","","-0.75%"
"1981- 09- 14","120.70","120.90","122.00","119.70","","-0.74%"
"1981- 09- 11","121.60","120.50","122.10","119.30","","1.25%"
"1981- 09- 10","120.10","119.30","122.20","118.30","","1.44%"
"1981- 09- 09","118.40","118.20","119.50","116.90","","0.34%"
"1981- 09- 08","118.00","119.50","120.10","116.80","","-1.75%"
"1981- 09- 04","120.10","120.60","121.50","119.20","","-0.91%"
"1981- 09- 03","121.20","123.50","124.20","120.80","","-1.86%"
"1981- 09- 02","123.50","123.60","124.60","122.50","","0.41%"
"1981- 09- 01","123.00","122.80","123.90","121.60","","0.16%"
"1981- 08- 31","122.80","125.00","125.60","122.30","","-1.05%"
"1981- 08- 28","124.10","123.80","125.10","122.80","","0.49%"
"1981- 08- 27","123.50","124.30","125.30","122.90","","-1.20%"
"1981- 08- 26","125.00","125.40","126.20","124.00","","-0.08%"
"1981- 08- 25","125.10","124.20","125.80","123.00","","-0.32%"
"1981- 08- 24","125.50","127.70","128.60","125.00","","-2.86%"
"1981- 08- 21","129.20","130.50","131.10","128.70","","-1.15%"
"1981- 08- 20","130.70","130.80","131.70","129.80","","0.15%"
"1981- 08- 19","130.50","130.00","131.20","129.00","","0.31%"
"1981- 08- 18","130.10","130.80","131.70","129.10","","-0.84%"
"1981- 08- 17","131.20","131.20","133.00","130.80","","-0.98%"
"1981- 08- 14","132.50","133.60","134.30","131.90","","-0.75%"
"1981- 08- 13","133.50","133.50","134.60","132.50","","0.07%"
"1981- 08- 12","133.40","134.20","135.20","132.70","","-0.37%"
"1981- 08- 11","133.90","132.90","134.60","132.10","","1.06%"
"1981- 08- 10","132.50","131.60","133.30","130.80","","0.53%"
"1981- 08- 07","131.80","132.40","133.00","131.00","","-0.60%"
"1981- 08- 06","132.60","133.10","134.10","131.70","","-0.08%"
"1981- 08- 05","132.70","131.60","133.40","130.80","","1.14%"
"1981- 08- 04","131.20","130.30","131.90","129.40","","0.54%"
"1981- 08- 03","130.50","130.70","131.70","129.40","","-0.31%"
"1981- 07- 31","130.90","130.60","131.80","129.60","","0.69%"
"1981- 07- 30","130.00","129.60","130.70","128.60","","0.62%"
"1981- 07- 29","129.20","129.20","130.40","128.40","","0.08%"
"1981- 07- 28","129.10","129.80","130.40","128.30","","-0.62%"
"1981- 07- 27","129.90","129.60","130.70","128.40","","1.09%"
"1981- 07- 24","128.50","127.80","129.30","127.10","","0.86%"
"1981- 07- 23","127.40","127.00","128.30","126.00","","0.24%"
"1981- 07- 22","127.10","129.00","129.70","126.70","","-1.93%"
"1981- 07- 21","129.60","128.40","130.80","128.10","","0.70%"
"1981- 07- 20","128.70","129.60","130.60","128.00","","-1.61%"
"1981- 07- 17","130.80","130.50","131.60","129.50","","0.38%"
"1981- 07- 16","130.30","130.50","131.40","129.30","","0.08%"
"1981- 07- 15","130.20","130.10","131.60","128.90","","0.46%"
"1981- 07- 14","129.60","129.60","130.80","128.10","","0.00%"
"1981- 07- 13","129.60","129.60","130.80","128.80","","0.15%"
"1981- 07- 10","129.40","129.50","130.40","128.40","","0.08%"
"1981- 07- 09","129.30","128.50","130.10","127.60","","0.78%"
"1981- 07- 08","128.30","128.60","129.60","126.90","","0.08%"
"1981- 07- 07","128.20","128.20","129.60","126.40","","0.63%"
"1981- 07- 06","127.40","128.10","129.00","126.40","","-0.93%"
"1981- 07- 02","128.60","129.80","130.50","127.80","","-0.92%"
"1981- 07- 01","129.80","130.70","131.70","129.00","","-1.07%"
"1981- 06- 30","131.20","131.80","132.70","130.30","","-0.53%"
"1981- 06- 29","131.90","132.80","133.50","131.20","","-0.53%"
"1981- 06- 26","132.60","132.80","133.80","131.70","","-0.15%"
"1981- 06- 25","132.80","132.80","134.30","131.80","","0.08%"
"1981- 06- 24","132.70","133.10","133.90","131.60","","-0.52%"
"1981- 06- 23","133.40","131.90","134.00","131.20","","1.14%"
"1981- 06- 22","131.90","132.70","133.50","131.10","","-0.30%"
"1981- 06- 19","132.30","131.40","133.30","130.50","","0.53%"
"1981- 06- 18","131.60","133.30","134.00","130.90","","-1.28%"
"1981- 06- 17","133.30","131.90","134.00","130.80","","0.91%"
"1981- 06- 16","132.10","133.20","134.20","131.30","","-1.12%"
"1981- 06- 15","133.60","134.50","135.70","132.80","","0.07%"
"1981- 06- 12","133.50","134.10","135.10","132.40","","-0.22%"
"1981- 06- 11","133.80","132.60","134.30","131.60","","1.13%"
"1981- 06- 10","132.30","132.10","133.50","131.00","","0.23%"
"1981- 06- 09","132.00","132.20","133.30","130.90","","-0.15%"
"1981- 06- 08","132.20","132.80","133.70","131.30","","0.00%"
"1981- 06- 05","132.20","130.90","133.00","130.20","","0.92%"
"1981- 06- 04","131.00","131.00","132.20","129.70","","0.23%"
"1981- 06- 03","130.70","129.80","131.40","128.80","","0.08%"
"1981- 06- 02","130.60","130.60","133.00","129.80","","-1.36%"
"1981- 06- 01","132.40","133.30","134.60","131.50","","-0.15%"
"1981- 05- 29","132.60","133.90","134.40","131.50","","-0.60%"
"1981- 05- 28","133.40","133.90","134.90","132.00","","-0.30%"
"1981- 05- 27","133.80","132.70","134.60","131.90","","0.75%"
"1981- 05- 26","132.80","131.70","133.30","130.60","","1.14%"
"1981- 05- 22","131.30","131.90","132.60","130.40","","-0.38%"
"1981- 05- 21","131.80","132.20","133.00","130.70","","-0.15%"
"1981- 05- 20","132.00","132.10","133.00","130.60","","-0.08%"
"1981- 05- 19","132.10","132.40","133.20","130.80","","-0.30%"
"1981- 05- 18","132.50","132.70","133.60","131.50","","0.23%"
"1981- 05- 15","132.20","131.60","133.20","130.80","","0.69%"
"1981- 05- 14","131.30","130.70","132.10","129.90","","0.54%"
"1981- 05- 13","130.60","131.00","132.00","129.50","","-0.08%"
"1981- 05- 12","130.70","129.40","131.20","128.80","","0.77%"
"1981- 05- 11","129.70","131.70","132.20","129.10","","-1.52%"
"1981- 05- 08","131.70","132.20","132.90","130.80","","0.00%"
"1981- 05- 07","131.70","131.00","132.40","130.20","","0.69%"
"1981- 05- 06","130.80","131.10","132.40","130.10","","0.38%"
"1981- 05- 05","130.30","130.10","131.30","128.90","","-0.31%"
"1981- 05- 04","130.70","130.90","131.80","129.60","","-1.51%"
"1981- 05- 01","132.70","133.10","134.20","131.40","","-0.08%"
"1981- 04- 30","132.80","133.50","134.40","131.90","","-0.23%"
"1981- 04- 29","133.10","133.60","134.70","131.80","","-0.89%"
"1981- 04- 28","134.30","135.50","136.10","133.10","","-0.89%"
"1981- 04- 27","135.50","135.50","136.60","134.10","","0.30%"
"1981- 04- 24","135.10","134.10","136.00","132.90","","0.90%"
"1981- 04- 23","133.90","134.90","135.90","132.90","","-0.15%"
"1981- 04- 22","134.10","134.10","135.50","132.70","","-0.07%"
"1981- 04- 21","134.20","135.50","136.40","133.50","","-0.89%"
"1981- 04- 20","135.40","134.00","136.20","133.20","","0.52%"
"1981- 04- 16","134.70","134.80","135.80","133.40","","0.37%"
"1981- 04- 15","134.20","133.20","134.80","132.20","","1.13%"
"1981- 04- 14","132.70","133.10","134.00","131.60","","-0.30%"
"1981- 04- 13","133.10","133.60","134.90","132.20","","-1.04%"
"1981- 04- 10","134.50","134.80","136.20","133.20","","-0.15%"
"1981- 04- 09","134.70","134.40","135.80","132.60","","0.30%"
"1981- 04- 08","134.30","134.00","135.30","133.30","","0.30%"
"1981- 04- 07","133.90","134.20","135.30","133.00","","0.00%"
"1981- 04- 06","133.90","134.40","135.30","132.90","","-1.18%"
"1981- 04- 03","135.50","136.30","137.00","134.70","","-0.59%"
"1981- 04- 02","136.30","136.30","137.70","135.20","","-0.22%"
"1981- 04- 01","136.60","136.40","137.60","135.00","","0.44%"
"1981- 03- 31","136.00","135.80","137.10","134.70","","1.27%"
"1981- 03- 30","134.30","134.50","135.90","133.50","","-0.22%"
"1981- 03- 27","134.60","135.90","136.90","133.90","","-1.25%"
"1981- 03- 26","136.30","137.20","138.40","135.30","","-0.58%"
"1981- 03- 25","137.10","134.60","137.30","133.90","","1.78%"
"1981- 03- 24","134.70","136.40","137.40","134.10","","-0.74%"
"1981- 03- 23","135.70","134.40","136.50","133.40","","1.19%"
"1981- 03- 20","134.10","133.70","135.30","132.50","","0.45%"
"1981- 03- 19","133.50","134.60","135.40","132.40","","-0.52%"
"1981- 03- 18","134.20","133.80","135.70","132.80","","0.22%"
"1981- 03- 17","133.90","134.90","136.10","132.80","","-0.59%"
"1981- 03- 16","134.70","133.20","136.30","132.20","","1.20%"
"1981- 03- 13","133.10","134.40","135.50","132.40","","-0.08%"
"1981- 03- 12","133.20","130.60","133.60","129.80","","2.54%"
"1981- 03- 11","129.90","130.30","131.20","128.70","","-0.46%"
"1981- 03- 10","130.50","131.70","132.60","129.70","","-0.46%"
"1981- 03- 09","131.10","130.30","131.90","129.40","","0.92%"
"1981- 03- 06","129.90","130.10","131.20","128.60","","0.00%"
"1981- 03- 05","129.90","130.90","131.80","129.20","","-0.76%"
"1981- 03- 04","130.90","130.60","132.10","129.60","","0.23%"
"1981- 03- 03","130.60","131.70","132.70","129.90","","-1.06%"
"1981- 03- 02","132.00","131.10","133.00","130.10","","0.53%"
"1981- 02- 27","131.30","130.40","132.00","129.40","","0.92%"
"1981- 02- 26","130.10","128.60","130.90","128.00","","1.25%"
"1981- 02- 25","128.50","127.70","129.20","125.80","","0.86%"
"1981- 02- 24","127.40","127.90","128.80","126.50","","0.08%"
"1981- 02- 23","127.30","126.40","128.50","125.70","","0.55%"
"1981- 02- 20","126.60","126.50","127.70","124.70","","0.00%"
"1981- 02- 19","126.60","128.60","129.10","126.00","","-1.48%"
"1981- 02- 18","128.50","128.30","129.20","127.10","","0.55%"
"1981- 02- 17","127.80","127.20","128.80","126.40","","0.63%"
"1981- 02- 13","127.00","127.20","128.30","126.00","","-0.39%"
"1981- 02- 12","127.50","128.10","128.90","126.80","","-0.55%"
"1981- 02- 11","128.20","129.30","129.90","127.60","","-0.77%"
"1981- 02- 10","129.20","129.20","130.20","128.10","","-0.08%"
"1981- 02- 09","129.30","130.80","131.40","128.60","","-1.00%"
"1981- 02- 06","130.60","129.90","131.80","129.00","","0.77%"
"1981- 02- 05","129.60","128.10","130.50","128.00","","0.78%"
"1981- 02- 04","128.60","128.60","129.70","127.30","","0.08%"
"1981- 02- 03","128.50","127.00","128.90","125.90","","1.26%"
"1981- 02- 02","126.90","128.90","129.50","125.80","","-2.08%"
"1981- 01- 30","129.60","130.60","131.60","128.60","","-0.46%"
"1981- 01- 29","130.20","130.00","131.80","129.00","","-0.08%"
"1981- 01- 28","130.30","131.60","132.40","129.60","","-0.61%"
"1981- 01- 27","131.10","130.40","131.90","129.30","","1.00%"
"1981- 01- 26","129.80","130.30","131.20","128.60","","-0.31%"
"1981- 01- 23","130.20","130.30","131.30","129.00","","-0.08%"
"1981- 01- 22","130.30","131.50","132.10","129.20","","-0.84%"
"1981- 01- 21","131.40","131.10","132.50","129.10","","-0.15%"
"1981- 01- 20","131.60","134.50","135.30","131.30","","-2.08%"
"1981- 01- 19","134.40","135.00","135.90","133.50","","-0.30%"
"1981- 01- 16","134.80","134.80","135.90","133.40","","0.45%"
"1981- 01- 15","134.20","133.50","135.10","132.40","","0.52%"
"1981- 01- 14","133.50","133.90","135.10","132.60","","0.15%"
"1981- 01- 13","133.30","133.10","134.30","131.70","","-0.15%"
"1981- 01- 12","133.50","135.20","135.90","132.80","","0.00%"
"1981- 01- 09","133.50","133.90","134.80","131.70","","0.30%"
"1981- 01- 08","133.10","135.20","136.10","132.00","","-1.48%"
"1981- 01- 07","135.10","135.10","136.00","132.30","","-2.17%"
"1981- 01- 06","138.10","138.60","140.30","135.80","","0.07%"
"1981- 01- 05","138.00","137.60","139.20","135.90","","1.25%"
"1981- 01- 02","136.30","135.70","137.10","134.30","","0.37%"
"1980- 12- 31","135.80","135.60","136.80","134.30","","0.37%"
"1980- 12- 30","135.30","134.90","136.50","134.00","","0.22%"
"1980- 12- 29","135.00","136.80","137.50","134.40","","-1.17%"
"1980- 12- 26","136.60","136.60","137.00","135.20","","0.52%"
"1980- 12- 24","135.90","135.90","136.60","134.10","","0.44%"
"1980- 12- 23","135.30","135.30","137.50","134.00","","-0.37%"
"1980- 12- 22","135.80","135.80","136.70","132.90","","1.57%"
"1980- 12- 19","133.70","133.70","135.00","131.80","","0.53%"
"1980- 12- 18","133.00","133.00","135.90","131.90","","0.08%"
"1980- 12- 17","132.90","132.90","133.60","130.20","","1.76%"
"1980- 12- 16","130.60","130.60","131.20","128.30","","0.93%"
"1980- 12- 15","129.40","129.40","131.30","128.60","","0.15%"
"1980- 12- 12","129.20","129.20","130.00","127.20","","1.41%"
"1980- 12- 11","127.40","127.20","128.70","125.30","","-0.70%"
"1980- 12- 10","128.30","131.00","132.00","127.90","","-1.69%"
"1980- 12- 09","130.50","130.80","131.90","128.80","","-0.08%"
"1980- 12- 08","130.60","132.40","133.20","129.70","","-2.54%"
"1980- 12- 05","134.00","135.40","136.40","132.90","","-1.83%"
"1980- 12- 04","136.50","136.40","138.40","135.10","","-0.15%"
"1980- 12- 03","136.70","136.30","138.10","135.40","","-0.22%"
"1980- 12- 02","137.00","136.80","138.10","134.40","","-0.15%"
"1980- 12- 01","137.20","139.60","140.70","136.80","","-2.35%"
"1980- 11- 28","140.50","140.20","141.50","139.00","","0.21%"
"1980- 11- 26","140.20","139.50","142.00","138.60","","0.65%"
"1980- 11- 25","139.30","138.90","140.80","137.40","","0.72%"
"1980- 11- 24","138.30","137.90","139.40","136.40","","-0.58%"
"1980- 11- 21","139.10","140.60","141.20","138.10","","-0.93%"
"1980- 11- 20","140.40","138.90","141.20","137.80","","0.93%"
"1980- 11- 19","139.10","139.50","141.80","138.10","","-0.43%"
"1980- 11- 18","139.70","139.30","140.90","137.90","","1.38%"
"1980- 11- 17","137.80","135.90","138.50","134.90","","0.51%"
"1980- 11- 14","137.10","136.40","139.00","135.10","","0.44%"
"1980- 11- 13","136.50","135.50","137.20","134.10","","1.41%"
"1980- 11- 12","134.60","132.20","135.10","131.30","","2.51%"
"1980- 11- 11","131.30","130.40","132.30","129.50","","1.39%"
"1980- 11- 10","129.50","129.40","130.50","128.20","","0.23%"
"1980- 11- 07","129.20","128.70","130.10","127.70","","0.23%"
"1980- 11- 06","128.90","130.20","131.30","128.20","","-1.83%"
"1980- 11- 05","131.30","131.30","135.60","130.80","","1.78%"
"1980- 11- 03","129.00","128.00","129.90","127.20","","1.18%"
"1980- 10- 31","127.50","126.00","128.20","125.30","","0.95%"
"1980- 10- 30","126.30","127.90","128.70","125.80","","-1.25%"
"1980- 10- 29","127.90","128.80","129.90","127.10","","-0.16%"
"1980- 10- 28","128.10","127.20","128.90","126.40","","0.16%"
"1980- 10- 27","127.90","129.30","129.90","127.30","","-1.54%"
"1980- 10- 24","129.90","128.90","130.60","128.00","","0.31%"
"1980- 10- 23","129.50","131.90","132.50","128.90","","-1.82%"
"1980- 10- 22","131.90","131.50","133.00","130.60","","0.08%"
"1980- 10- 21","131.80","133.30","134.00","130.80","","-0.60%"
"1980- 10- 20","132.60","131.20","133.20","130.00","","0.84%"
"1980- 10- 17","131.50","131.60","133.10","130.20","","-0.53%"
"1980- 10- 16","132.20","134.80","135.90","131.60","","-1.12%"
"1980- 10- 15","133.70","132.30","134.40","131.60","","1.29%"
"1980- 10- 14","132.00","132.60","133.60","131.20","","0.00%"
"1980- 10- 13","132.00","130.10","132.50","129.40","","1.30%"
"1980- 10- 10","130.30","131.00","132.10","129.60","","-0.53%"
"1980- 10- 09","131.00","131.90","132.60","130.20","","-0.46%"
"1980- 10- 08","131.60","131.20","132.80","130.30","","0.46%"
"1980- 10- 07","131.00","132.20","132.90","130.10","","-0.53%"
"1980- 10- 06","131.70","130.10","132.40","129.40","","1.86%"
"1980- 10- 03","129.30","128.50","130.40","127.70","","0.94%"
"1980- 10- 02","128.10","127.40","128.80","126.00","","0.79%"
"1980- 10- 01","127.10","125.70","127.90","124.30","","1.27%"
"1980- 09- 30","125.50","124.60","126.10","123.50","","1.62%"
"1980- 09- 29","123.50","124.60","125.40","122.90","","-2.22%"
"1980- 09- 26","126.30","127.30","128.20","125.30","","-1.86%"
"1980- 09- 25","128.70","130.80","131.50","128.10","","-1.30%"
"1980- 09- 24","130.40","129.30","131.30","128.40","","0.77%"
"1980- 09- 23","129.40","130.50","132.20","128.60","","-0.77%"
"1980- 09- 22","130.40","128.60","131.00","127.90","","0.93%"
"1980- 09- 19","129.20","128.30","130.30","127.60","","0.62%"
"1980- 09- 18","128.40","129.60","130.40","127.60","","-0.39%"
"1980- 09- 17","128.90","127.30","129.60","126.60","","1.74%"
"1980- 09- 16","126.70","126.20","127.80","125.20","","0.80%"
"1980- 09- 15","125.70","125.10","126.30","124.10","","0.16%"
"1980- 09- 12","125.50","125.90","126.80","124.70","","-0.16%"
"1980- 09- 11","125.70","125.20","126.50","124.20","","0.72%"
"1980- 09- 10","124.80","124.80","125.90","123.60","","0.56%"
"1980- 09- 09","124.10","122.70","124.50","121.90","","0.65%"
"1980- 09- 08","123.30","124.70","125.70","122.80","","-1.28%"
"1980- 09- 05","124.90","125.10","126.10","124.10","","-0.40%"
"1980- 09- 04","125.40","127.10","127.70","124.40","","-0.56%"
"1980- 09- 03","126.10","124.80","126.40","123.90","","1.94%"
"1980- 09- 02","123.70","122.40","124.40","121.80","","1.06%"
"1980- 08- 29","122.40","121.60","123.00","121.10","","0.25%"
"1980- 08- 28","122.10","123.00","123.90","121.60","","-1.13%"
"1980- 08- 27","123.50","124.20","125.00","122.90","","-1.04%"
"1980- 08- 26","124.80","125.10","126.30","124.00","","-0.32%"
"1980- 08- 25","125.20","125.30","126.30","124.30","","-0.63%"
"1980- 08- 22","126.00","126.50","127.80","125.20","","0.40%"
"1980- 08- 21","125.50","124.30","126.00","123.60","","1.37%"
"1980- 08- 20","123.80","122.80","124.30","121.90","","0.98%"
"1980- 08- 19","122.60","123.00","124.00","122.00","","-0.65%"
"1980- 08- 18","123.40","124.60","125.30","122.80","","-1.83%"
"1980- 08- 15","125.70","125.70","126.60","124.50","","0.40%"
"1980- 08- 14","125.20","123.20","125.60","122.70","","1.54%"
"1980- 08- 13","123.30","123.50","124.70","122.50","","-0.40%"
"1980- 08- 12","123.80","124.80","125.80","123.30","","-0.80%"
"1980- 08- 11","124.80","123.60","125.30","122.80","","0.97%"
"1980- 08- 08","123.60","124.20","125.20","122.80","","0.24%"
"1980- 08- 07","123.30","122.20","123.80","121.30","","1.40%"
"1980- 08- 06","121.60","120.60","122.00","119.90","","0.75%"
"1980- 08- 05","120.70","120.90","122.10","119.90","","-0.25%"
"1980- 08- 04","121.00","120.50","121.60","119.40","","-0.17%"
"1980- 08- 01","121.20","121.40","122.40","120.10","","-0.41%"
"1980- 07- 31","121.70","121.20","122.30","119.40","","-0.41%"
"1980- 07- 30","122.20","122.70","123.90","121.20","","-0.16%"
"1980- 07- 29","122.40","121.70","123.00","120.80","","0.82%"
"1980- 07- 28","121.40","120.30","122.00","119.80","","0.50%"
"1980- 07- 25","120.80","121.00","122.00","119.90","","-0.82%"
"1980- 07- 24","121.80","122.00","123.00","120.80","","-0.08%"
"1980- 07- 23","121.90","122.00","123.30","120.90","","-0.25%"
"1980- 07- 22","122.20","122.80","123.90","121.40","","-0.24%"
"1980- 07- 21","122.50","122.10","123.20","120.80","","0.41%"
"1980- 07- 18","122.00","122.10","123.20","120.90","","0.49%"
"1980- 07- 17","121.40","120.20","121.80","119.40","","1.51%"
"1980- 07- 16","119.60","119.30","120.90","118.50","","0.25%"
"1980- 07- 15","119.30","120.80","121.60","118.80","","-0.58%"
"1980- 07- 14","120.00","118.00","120.40","117.40","","1.87%"
"1980- 07- 11","117.80","116.90","118.40","116.30","","0.77%"
"1980- 07- 10","116.90","117.60","118.60","116.40","","-0.93%"
"1980- 07- 09","118.00","117.80","119.50","117.10","","0.17%"
"1980- 07- 08","117.80","118.40","119.10","117.10","","-0.42%"
"1980- 07- 07","118.30","117.80","118.80","117.00","","0.68%"
"1980- 07- 03","117.50","116.20","117.80","115.50","","1.56%"
"1980- 07- 02","115.70","115.30","116.40","114.40","","0.70%"
"1980- 07- 01","114.90","114.10","115.40","113.50","","0.61%"
"1980- 06- 30","114.20","114.20","116.00","113.70","","-1.55%"
"1980- 06- 27","116.00","115.80","116.90","115.00","","-0.17%"
"1980- 06- 26","116.20","116.90","118.00","115.60","","-0.43%"
"1980- 06- 25","116.70","115.80","117.40","115.10","","1.39%"
"1980- 06- 24","115.10","114.40","115.80","113.80","","0.52%"
"1980- 06- 23","114.50","113.80","115.30","113.30","","0.35%"
"1980- 06- 20","114.10","114.10","114.90","113.10","","-0.52%"
"1980- 06- 19","114.70","116.20","116.80","114.40","","-1.38%"
"1980- 06- 18","116.30","116.20","116.80","114.80","","0.26%"
"1980- 06- 17","116.00","116.00","117.20","115.10","","-0.09%"
"1980- 06- 16","116.10","115.70","116.80","114.80","","0.26%"
"1980- 06- 13","115.80","116.00","116.90","114.70","","0.26%"
"1980- 06- 12","115.50","116.20","117.00","114.30","","-0.43%"
"1980- 06- 11","116.00","114.80","116.60","114.20","","1.13%"
"1980- 06- 10","114.70","113.80","115.50","113.20","","0.88%"
"1980- 06- 09","113.70","113.50","114.50","112.70","","0.44%"
"1980- 06- 06","113.20","112.90","114.00","112.10","","0.35%"
"1980- 06- 05","112.80","113.30","114.40","111.90","","0.18%"
"1980- 06- 04","112.60","110.70","113.40","110.20","","1.90%"
"1980- 06- 03","110.50","110.60","111.60","109.80","","-0.27%"
"1980- 06- 02","110.80","110.90","112.20","110.10","","-0.36%"
"1980- 05- 30","111.20","109.50","111.60","108.90","","0.82%"
"1980- 05- 29","110.30","112.10","112.60","109.90","","-1.61%"
"1980- 05- 28","112.10","111.20","112.70","110.40","","0.63%"
"1980- 05- 27","111.40","111.20","112.30","110.30","","0.72%"
"1980- 05- 23","110.60","109.80","111.40","109.00","","1.47%"
"1980- 05- 22","109.00","107.90","109.70","107.30","","1.21%"
"1980- 05- 21","107.70","107.70","108.30","106.50","","0.09%"
"1980- 05- 20","107.60","107.60","108.40","106.80","","-0.09%"
"1980- 05- 19","107.70","107.70","108.40","106.50","","0.37%"
"1980- 05- 16","107.30","107.30","107.90","106.20","","0.28%"
"1980- 05- 15","107.00","107.00","108.00","106.10","","0.19%"
"1980- 05- 14","106.80","106.80","107.90","106.00","","0.47%"
"1980- 05- 13","106.30","106.30","106.80","104.40","","1.43%"
"1980- 05- 12","104.80","104.80","105.50","103.50","","0.10%"
"1980- 05- 09","104.70","104.70","106.20","104.20","","-1.32%"
"1980- 05- 08","106.10","106.10","108.00","105.50","","-1.03%"
"1980- 05- 07","107.20","107.20","108.10","105.60","","0.94%"
"1980- 05- 06","106.20","106.20","107.80","105.40","","-0.19%"
"1980- 05- 05","106.40","106.40","106.80","104.60","","0.76%"
"1980- 05- 02","105.60","105.60","106.20","104.60","","0.09%"
"1980- 05- 01","105.50","105.50","106.90","104.70","","-0.75%"
"1980- 04- 30","106.30","106.30","106.70","104.50","","0.38%"
"1980- 04- 29","105.90","105.90","106.70","104.90","","0.28%"
"1980- 04- 28","105.60","105.60","106.80","104.60","","0.38%"
"1980- 04- 25","105.20","105.20","105.60","103.00","","0.77%"
"1980- 04- 24","104.40","104.40","105.40","102.90","","0.68%"
"1980- 04- 23","103.70","103.70","105.10","102.80","","0.29%"
"1980- 04- 22","103.40","103.40","104.00","100.80","","3.61%"
"1980- 04- 21","99.80","99.80","101.30","98.90","","-0.80%"
"1980- 04- 18","100.60","100.60","102.10","100.00","","-0.49%"
"1980- 04- 17","101.10","101.10","102.20","100.10","","-0.39%"
"1980- 04- 16","101.50","101.50","104.40","101.10","","-1.07%"
"1980- 04- 15","102.60","102.60","103.90","101.80","","-0.19%"
"1980- 04- 14","102.80","102.80","103.90","102.10","","-0.96%"
"1980- 04- 11","103.80","103.80","105.20","103.20","","-0.29%"
"1980- 04- 10","104.10","104.10","105.00","102.80","","0.97%"
"1980- 04- 09","103.10","103.10","103.60","101.00","","1.88%"
"1980- 04- 08","101.20","101.20","101.90","99.20","","1.00%"
"1980- 04- 07","100.20","100.20","102.30","99.70","","-1.96%"
"1980- 04- 03","102.20","102.20","103.30","101.30","","-0.49%"
"1980- 04- 02","102.70","102.70","103.90","101.40","","0.49%"
"1980- 04- 01","102.20","102.20","103.30","100.80","","0.10%"
"1980- 03- 31","102.10","102.10","102.70","100.00","","1.39%"
"1980- 03- 28","100.70","100.70","101.40","97.70","","2.55%"
"1980- 03- 27","98.20","98.20","99.60","94.20","","-0.51%"
"1980- 03- 26","98.70","98.70","101.20","98.10","","-0.50%"
"1980- 03- 25","99.20","99.20","100.60","97.90","","-0.10%"
"1980- 03- 24","99.30","99.30","102.20","98.90","","-2.93%"
"1980- 03- 21","102.30","102.30","103.70","101.60","","-0.78%"
"1980- 03- 20","103.10","103.10","105.20","102.50","","-1.15%"
"1980- 03- 19","104.30","104.30","105.70","103.30","","0.19%"
"1980- 03- 18","104.10","104.10","104.70","101.10","","1.76%"
"1980- 03- 17","102.30","102.30","105.20","101.80","","-2.94%"
"1980- 03- 14","105.40","105.40","106.50","104.00","","-0.19%"
"1980- 03- 13","105.60","105.60","107.60","105.10","","-1.22%"
"1980- 03- 12","106.90","106.90","108.40","105.40","","-0.83%"
"1980- 03- 11","107.80","107.80","108.50","106.20","","1.22%"
"1980- 03- 10","106.50","106.50","107.90","104.90","","-0.37%"
"1980- 03- 07","106.90","106.90","109.00","106.00","","-1.66%"
"1980- 03- 06","108.70","108.70","111.30","107.80","","-2.16%"
"1980- 03- 05","111.10","111.10","113.90","110.60","","-1.51%"
"1980- 03- 04","112.80","112.80","113.40","110.80","","0.27%"
"1980- 03- 03","112.50","112.50","114.30","112.00","","-1.06%"
"1980- 02- 29","113.70","113.70","114.10","111.80","","1.25%"
"1980- 02- 28","112.30","112.30","113.70","111.30","","-0.09%"
"1980- 02- 27","112.40","112.40","115.10","111.90","","-1.40%"
"1980- 02- 26","114.00","114.00","114.80","112.30","","0.62%"
"1980- 02- 25","113.30","113.30","114.90","112.60","","-1.48%"
"1980- 02- 22","115.00","115.00","116.50","113.40","","-0.26%"
"1980- 02- 21","115.30","115.30","117.90","114.40","","-1.03%"
"1980- 02- 20","116.50","116.50","117.20","114.10","","1.66%"
"1980- 02- 19","114.60","114.60","115.70","113.30","","-0.69%"
"1980- 02- 18","115.40","115.40","115.40","115.40","","0.00%"
"1980- 02- 15","115.40","115.40","116.70","114.10","","-1.11%"
"1980- 02- 14","116.70","116.70","119.30","116.00","","-1.44%"
"1980- 02- 13","118.40","118.40","120.20","117.60","","0.42%"
"1980- 02- 12","117.90","117.90","118.40","115.80","","0.68%"
"1980- 02- 11","117.10","117.10","119.10","116.30","","-0.68%"
"1980- 02- 08","117.90","117.90","118.70","115.70","","1.38%"
"1980- 02- 07","116.30","116.30","117.90","115.20","","0.52%"
"1980- 02- 06","115.70","115.70","116.60","113.70","","0.87%"
"1980- 02- 05","114.70","114.70","115.20","112.20","","0.26%"
"1980- 02- 04","114.40","114.40","116.00","113.80","","-0.61%"
"1980- 02- 01","115.10","115.10","115.50","113.10","","0.79%"
"1980- 01- 31","114.20","114.20","117.20","113.80","","-0.87%"
"1980- 01- 30","115.20","115.20","115.80","113.40","","0.96%"
"1980- 01- 29","114.10","114.10","115.80","113.00","","-0.61%"
"1980- 01- 28","114.80","114.80","115.70","112.90","","1.06%"
"1980- 01- 25","113.60","113.60","114.40","112.40","","-0.09%"
"1980- 01- 24","113.70","113.70","115.30","112.90","","0.26%"
"1980- 01- 23","113.40","113.40","113.90","110.90","","1.70%"
"1980- 01- 22","111.50","111.50","113.10","110.90","","-0.54%"
"1980- 01- 21","112.10","112.10","112.90","110.70","","0.90%"
"1980- 01- 18","111.10","111.10","111.70","109.70","","0.36%"
"1980- 01- 17","110.70","110.70","112.00","109.80","","-0.36%"
"1980- 01- 16","111.10","111.10","112.90","110.40","","0.00%"
"1980- 01- 15","111.10","111.10","111.90","109.40","","0.63%"
"1980- 01- 14","110.40","110.40","111.40","109.30","","0.45%"
"1980- 01- 11","109.90","109.90","111.20","108.90","","0.00%"
"1980- 01- 10","109.90","109.90","110.90","108.50","","0.73%"
"1980- 01- 09","109.10","109.10","111.10","108.40","","0.18%"
"1980- 01- 08","108.90","108.90","109.30","106.30","","1.97%"
"1980- 01- 07","106.80","106.80","107.80","105.80","","0.28%"
"1980- 01- 04","106.50","106.50","107.10","105.10","","1.24%"
"1980- 01- 03","105.20","105.20","106.10","103.30","","-0.57%"
"1980- 01- 02","105.80","105.80","108.40","105.30","","-1.95%"
"1980- 01- 01","107.90","107.90","107.90","107.90","","0.00%"
"1979- 12- 31","107.90","107.90","108.50","107.30","","0.09%"
"1979- 12- 28","107.80","107.80","108.60","107.20","","-0.19%"
"1979- 12- 27","108.00","108.00","108.50","107.10","","0.19%"
"1979- 12- 26","107.80","107.80","108.40","107.10","","0.09%"